Workbook

Sheet NOVIEMBRE 2025
A1: OCCALISTHENICSMX
A2: NOMBRE | C2: MEMBRESIA | D2: COSTO PLAN | E2: TIPO DE PLAN | F2: 45901 | G2: 45931 | H2: 45962 | I2: SAUNA | J2: OPEN GYM | K2: 5 VISITAS | L2: CLASES | M2: CLASES POR DIA
A3: TOÑITO OSNAYA | B3: 1 | C3: 720 | D3: 945 | E3: PLAN OC | F3: 945 | G3: 945 | H3: 945 | I3: ✅ | J3: ❌ | K3: ✅ | L3: TODAS | M3: UNA
A4: LIRIA VILLEGAS | B4: 2 | C4: 0 | D4: 945 | E4: PLAN OC | F4: 945 | G4: 945 | H4: 945 | I4: ✅ | J4: ❌ | K4: ✅ | L4: TODAS | M4: UNA
A5: VALERIA QUINTANA | B5: 3 | C5: 720 | D5: 945 | E5: PLAN OC | F5: 945 | G5: 945 | H5: 945 | I5: ✅ | J5: ❌ | K5: ✅ | L5: TODAS | M5: UNA
A6: ARLETTE ROMÁN | B6: 3 | C6: 720 | D6: 945 | E6: PLAN OC | F6: 945 | G6: 945 | H6: 945 | I6: ✅ | J6: ❌ | K6: ✅ | L6: TODAS | M6: UNA
A7: FERNANDA ALVA | B7: 5 | C7: 500 | D7: 995 | E7: PLAN OC | F7: 995 | G7: 995 | H7: 0 | I7: ✅ | J7: ❌ | K7: ✅ | L7: TODAS | M7: UNA
A8: PEDRO FLORES | B8: 11 | C8: 500 | D8: 945 | E8: PLAN OC | F8: 945 | G8: 945 | H8: 945 | I8: ✅ | J8: ❌ | K8: ✅ | L8: TODAS | M8: UNA
A9: LUIS ALBERTO | B9: 13 | C9: 720 | D9: 945 | E9: PLAN OC | F9: 945 | G9: 945 | H9: 945 | I9: ✅ | J9: ❌ | K9: ✅ | L9: TODAS | M9: UNA
A10: URIEL. CARDIEL | B10: 20 | C10: 90 | D10: 945 | E10: WELLHUB | F10: 945 | G10: 0 | H10: 0 | I10: ✅ | J10: ❌ | K10: ✅ | L10: TODAS | M10: UNA
A11: EDIT | B11: 18 | C11: 500 | D11: X | E11: 12 CLASES | F11: 0 | G11: 630 | I11: ❌ | J11: ❌ | K11: ❌ | L11: UNA | M11: UNA
A12: RODRIGO ALVA | B12: 24 | C12: 500 | D12: 995 | E12: PLAN OC | F12: 995 | G12: 995 | H12: 995 | I12: ✅ | J12: ❌ | K12: ✅ | L12: TODAS | M12: UNA
A13: BETTY | B13: 30 | C13: 500 | D13: X | E13: 12 CLASES | F13: 0 | G13: 630 | H13: 0 | I13: ❌ | J13: ❌ | K13: ❌ | L13: UNA | M13: UNA
A22: HÉCTOR NIETO | B22: 27 | C22: 150 | D22: 950 | E22: PLAN OC | F22: 950 | G22: 0 | H22: 0 | I22: ❌ | J22: ❌ | K22: ❌
A23: TOTAL | C23: {=SUM(C3:C22)} -> 5620 | F23: {=F3+F4+F5+F6+F7+F8+F9+F10+F12+F22+F25+C23} -> 15475 | G23: {=G3+G4+G9+G5+G6+G7+G8+G10+G12+G22+G11+G13+G28+G25+G26+G30+G31+G32} -> 10460.92 | H23: {=H3+H4+H9+H5+H6+H7+H8+H10+H12+H22+H11+H13+H28+H25+H26+H30+H31+H32+H37+H35+H34+H38+C37+C38+H39+H40+H41+C39+C40+C41+H36+C36+H33} -> 12395.02
A24: CLASE
A25: VALERIA MENA | C25: POR CLASE | D25: 75 | E25: 4 | F25: 300 | G25: {=D25*O60} -> 150 | H25: {=D25*P60} -> 300 | L25: TODAS | M25: $ POR CLASE
A26: APRIL | C26: POR CLASE | D26: 70 | E26: 3 | F26: X | G26: {=E26*D26} -> 210 | H26: {=D26*P48} -> 140
A27: WELLHUB | B27: WELLHUB. WELLHUB. WELLHUB. WELLHUB. WELLHUB. WELLHUB. WELLHUB. WELLHUB
A28: URIEL CARDIEL | C28: POR CHECK IN | D28: 171.82 | F28: X | G28: {=D28*O55} -> 1030.92 | H28: {=D28*P55} -> 1890.02 | L28: TODAS | M28: WELLHUB
A29: JUMPING | B29: MILCA. MILCA. MILCA. MILCA. MILCA. MILCA. MILCA. MILCA. MILCA. MILCA. MILCA
A30: PRIMA CHARLIE | C30: POR CLASE | D30: 50 | E30: 1 | F30: X | G30: {=E30*D30} -> 50 | H30: {=D30*P59} -> 50 | L30: UNA | M30: $ POR CLASE
A31: ESTHER | C31: POR CLASE | D31: 50 | E31: 1 | F31: X | G31: {=E31*D31} -> 50 | H31: {=D31*P57} -> 0 | L31: UNA | M31: $ POR CLASE
A32: HERMANA LIRIA | C32: POR CLASE | D32: 50 | E32: 1 | F32: X | G32: {=E32*D32} -> 50 | H32: {=D32*P58} -> 50 | L32: UNA | M32: $ POR CLASE
A33: AMIGA CYNTHIA | C33: X | D33: 75 | G33: {=E33*D33} -> 0 | H33: {=D33*P62} -> 75
A34: CYNTHIA JUÁREZ PEREZ | C34: X | D34: 75 | G34: {=E34*D34} -> 0 | H34: {=D34*P63} -> 150 | L34: UNA | M34: $ POR CLASE
A35: ANGELINA HERNÁNDEZ GARCIA | C35: X | D35: 75 | G35: {=E35*D35} -> 0 | H35: {=D35*P64} -> 150 | L35: UNA | M35: $ POR CLASE
A36: ALEJANDRA CUELLAR | B36: 15 | C36: 500 | D36: 75 | F36: X | G36: {=E36*D36} -> 0 | H36: {=D36*P65} -> 600
A37: ARYA CUELLAR | B37: 11 | C37: 250 | D37: 75 | F37: X | G37: {=E37*D37} -> 0 | H37: {=D37*P66} -> 150 | L37: UNA | M37: $ POR CLASE
A38: PATRICIO CUELLAR | B38: 11 | C38: 250 | D38: 75 | F38: X | G38: {=E38*D38} -> 0 | H38: {=D38*P67} -> 150 | L38: UNA | M38: $ POR CLASE
A39: ZULEIKA DE ZENTENO | B39: 14 | C39: 260 | D39: 75 | F39: X | G39: {=E39*D39} -> 0 | H39: {=D39*P68} -> 75 | L39: UNA | M39: $ POR CLASE
A40: DANIEL ALBERTANO. ZENTENO | B40: 14 | C40: 260 | D40: 75 | F40: X | G40: {=E40*D40} -> 0 | H40: {=D40*P69} -> 75 | L40: UNA | M40: $ POR CLASE
A41: NICOLE ZENTENO | B41: 14 | C41: 280 | D41: 75 | F41: X | G41: {=E41*D41} -> 0 | H41: {=D41*P70} -> 75 | L41: UNA | M41: $ POR CLASE
N43: CLASES TOMADAS
N44: X | O44: 45931 | P44: 45962 | V44: A cuenta
N45: EDITH 12 | O45: 4 | V45: 500
N46: BETTY 12 | O46: 0 | V46: 115
N47: TOÑITO OSNAYA | P47: 4
N48: APRIL | O48: 3 | P48: 2
N49: LIRIA VILLEGAS | P49: 4
N50: VALERIA QUINTANA
N51: ARLETTE ROMÁN | P51: 4 | V51: V3
N52: FERNANDA ALVA | P52: 1
N53: PEDRO FLORES | P53: 1
N54: LUIS ALBERTO | P54: 1
N55: URIEL. CARDIEL | O55: 6 | P55: 11
N56: RODRIGO ALVA | P56: 1
N57: ESTHER | O57: 1
N58: HERMANA LIRIA | O58: 1 | P58: 1
N59: PRIMA CHARLIE | O59: 1 | P59: 1
N60: VALERIA MENA | O60: 2 | P60: 4
N61: Amiga Milka
N62: Amiga Cynthia | P62: 1
N63: CYNTHIA JUÁREZ PEREZ | P63: 2
N64: ANGELINA HERNÁNDEZ GARCIA | P64: 2
N65: ALEJANDRA CUELLAR | P65: 8
N66: ARYA CUELLAR | P66: 2
N67: PATRICIO CUELLAR | P67: 2
N68: ZULEIKA DE ZENTENO | P68: 1
N69: DANIEL ALBERTANO. ZENTENO | P69: 1
N70: NICOLE ZENTENO | P70: 1
N71: TOTAL | O71: {=SUM(O45:O70)} -> 18 | P71: {=SUM(P45:P70)} -> 55 | Q71: {=SUM(Q45:Q70)} -> 0 | R71: {=SUM(R45:R70)} -> 0 | S71: {=SUM(S45:S70)} -> 0 | T71: {=SUM(T45:T70)} -> 0 | U71: {=SUM(U45:U70)} -> 0
W73: CLASES PAGADAS/NO PAGADAS DE COACHES SEMANA 1
X74: LUNES 03 | Y74: MARTES 04 | Z74: MIÉRCOLES. 05 | AA74: JUEVES. 06 | AB74: VIERNES. 07 | AC74: SABADO. 08 | AD74: CLASES PAGADAS | AE74: CLASES PENDIENTES | AF74: CLASES DEMO
W75: EDITH 12
W76: BETTY 12
W77: TOÑITO OSNAYA
W78: APRIL
W79: LIRIA VILLEGAS
W80: VALERIA QUINTANA
W81: ARLETTE ROMÁN
W82: FERNANDA ALVA
W83: PEDRO FLORES
W84: LUIS ALBERTO
W85: URIEL. CARDIEL
W86: RODRIGO ALVA
... W98: PATRICIO CUELLAR
AG100: Asistencias. SEMANA 1
AH101: LUNES 03 | AI101: MARTES 04 | AJ101: MIÉRCOLES. 05 | AK101: JUEVES. 06 | AL101: VIERNES. 07 | AM101: SABADO. 08 | AN101: CLASES TOMADAS | AO101: CLASES PAGADAS
AG102: EDITH 12 | AN102: {=SUM(AH102:AM102)} -> 0
AG103: BETTY 12 | AN103: {=SUM(AH103:AM103)} -> 0
AG104: TOÑITO OSNAYA | AH104: 1 | AJ104: 1 | AK104: 1 | AL104: 2 | AN104: {=SUM(AH104:AM104)} -> 5
AG105: APRIL | AH105: 1 | AL105: 1 | AN105: {=SUM(AH105:AM105)} -> 2
AG106: LIRIA VILLEGAS | AH106: 1 | AI106: 1 | AJ106: 1 | AN106: {=SUM(AH106:AM106)} -> 3
AG107: VALERIA QUINTANA | AN107: {=SUM(AH107:AM107)} -> 0
AG108: ARLETTE ROMÁN | AH108: 1 | AI108: 1 | AJ108: 1 | AN108: {=SUM(AH108:AM108)} -> 3
AG109: FERNANDA ALVA | AH109: 1 | AN109: {=SUM(AH109:AM109)} -> 1
AG110: PEDRO FLORES | AH110: 1 | AN110: {=SUM(AH110:AM110)} -> 1
AG111: LUIS ALBERTO | AN111: {=SUM(AH111:AM111)} -> 0
AG112: URIEL. CARDIEL | AH112: 1 | AI112: 1 | AL112: 1 | AN112: {=SUM(AH112:AM112)} -> 3
AG113: RODRIGO ALVA | AH113: 1 | AJ113: 1 | AK113: 1 | AL113: 1 | AN113: {=SUM(AH113:AM113)} -> 4
AG114: ESTHER | AN114: {=SUM(AH114:AM114)} -> 0
AG115: HERMANA LIRIA | AH115: 1 | AN115: {=SUM(AH115:AM115)} -> 1
AG116: PRIMA CHARLIE | AH116: 1 | AN116: {=SUM(AH116:AM116)} -> 1
AG117: VALERIA MENA | AN117: {=SUM(AH117:AM117)} -> 0
AG118: Jose angel | AJ118: 1 | AN118: {=SUM(AH118:AM118)} -> 1
AG119: Milka | AJ119: 1 | AN119: {=SUM(AH119:AM119)} -> 1
AG120: Amiga Milka | AJ120: 1 | AN120: {=SUM(AH120:AM120)} -> 1
AG121: Amiga milka | AJ121: 1 | AN121: {=SUM(AH121:AM121)} -> 1
AG122: Amigo de Toño | AL122: 1 | AN122: {=SUM(AH122:AM122)} -> 1
...

Sheet DICIEMBRE 2025
A1: OCCALISTHENICSMX
A2: NOMBRE | C2: MEMBRESIA | D2: COSTO PLAN | E2: TIPO DE PLAN | F2: 45901 | G2: 45931 | H2: 45962 | I2: 45992 | J2: SAUNA | K2: OPEN GYM | L2: 5 VISITAS | M2: CLASES | N2: CLASES POR DIA
A3: TOÑITO OSNAYA | B3: 1 | C3: 720 | D3: 945 | E3: WELLHUB | F3: 945 | G3: 945 | H3: 945 | I3: 0 | J3: ✅ | K3: ❌ | L3: ✅ | M3: TODAS | N3: UNA
A4: LIRIA VILLEGAS | B4: 2 | C4: 0 | D4: 945 | E4: PLAN OC | F4: 945 | G4: 945 | H4: 945 | I4: 0 | J4: ✅ | K4: ❌ | L4: ✅ | M4: TODAS | N4: UNA
A5: VALERIA QUINTANA | B5: 3 | C5: 720 | D5: 945 | E5: PLAN OC | F5: 945 | G5: 945 | H5: 945 | I5: 945 | J5: ✅ | K5: ❌ | L5: ✅ | M5: TODAS | N5: UNA
A6: ARLETTE ROMÁN | B6: 3 | C6: 720 | D6: 945 | E6: PLAN OC | F6: 945 | G6: 945 | H6: 945 | I6: 945 | J6: ✅ | K6: ❌ | L6: ✅ | M6: TODAS | N6: UNA
A7: FERNANDA ALVA | B7: 5 | C7: 500 | D7: 995 | E7: PLAN OC | F7: 995 | G7: 995 | H7: 0 | I7: 0 | J7: ✅ | K7: ❌ | L7: ✅ | M7: TODAS | N7: UNA
A8: PEDRO FLORES | B8: 11 | C8: 500 | D8: 945 | E8: PLAN OC | F8: 945 | G8: 945 | H8: 945 | I8: 0 | J8: ✅ | K8: ❌ | L8: ✅ | M8: TODAS | N8: UNA
A9: LUIS ALBERTO | B9: 13 | C9: 720 | D9: 945 | E9: PLAN OC | F9: 945 | G9: 945 | H9: 945 | I9: 0 | J9: ✅ | K9: ❌ | L9: ✅ | M9: TODAS | N9: UNA
A10: URIEL. CARDIEL | B10: 20 | C10: 90 | D10: 945 | E10: WELLHUB | F10: 945 | G10: 0 | H10: 0 | I10: 0 | J10: ✅ | K10: ❌ | L10: ✅ | M10: TODAS | N10: UNA
A11: EDIT | B11: 18 | C11: 500 | D11: X | E11: 12 CLASES | F11: 0 | G11: 630 | H11: 630 | I11: 0 | J11: ❌ | K11: ❌ | L11: ❌ | M11: UNA | N11: UNA
A12: RODRIGO ALVA | B12: 24 | C12: 500 | D12: 995 | E12: PLAN OC | F12: 995 | G12: 995 | H12: 995 | I12: 995 | J12: ✅ | K12: ❌ | L12: ✅ | M12: TODAS | N12: UNA
A13: BETTY | B13: 30 | C13: 500 | D13: X | E13: 12 CLASES | F13: 0 | G13: 630 | H13: 0 | I13: 0 | J13: ❌ | K13: ❌ | L13: ❌ | M13: UNA | N13: UNA
A14: OSVALDO | B14: 16 | C14: 0 | D14: 400 | E14: OPEN GYM | F14: 0 | G14: 0 | H14: 0 | I14: 400
A21: TOTAL | I21: {=I3+I4+I5+I6+I7+I8+I9+I10+I11+I12+I13+I14} -> 3285
A23: HÉCTOR NIETO | B23: 27 | C23: 150 | D23: 950 | E23: PLAN OC | F23: 950 | G23: 0 | H23: 0 | I23: 0 | J23: ❌ | K23: ❌ | L23: ❌
A24: MENSUAL | C24: {=SUM(C3:C23)} -> 5620 | F24: 15475 | G24: 10460.92 | H24: 12395.02 | I24: {=I21+I32+I48} -> 10055.5
A25: TOTAL NETO | D25: {=F24+G24+H24+I24} -> 48386.44
A26: WELLHUB | B26: WELLHUB. WELLHUB. WELLHUB. WELLHUB. WELLHUB. WELLHUB. WELLHUB. WELLHUB
A27: APRIL | C27: POR CHECK IN | D27: 171.82 | I27: {=R54*D27} -> 515.46
A28: TOÑITO OSNAYA | C28: POR CHECK IN | D28: 171.82 | I28: {=D28*R53} -> 1890.02
A29: URIEL CARDIEL | C29: POR CHECK IN | D29: 171.82 | F29: X | G29: {=D29*P61} -> 1030.92 | H29: {=D29*Q61} -> 1890.02 | I29: {=D29*R61} -> 1890.02 | M29: TODAS | N29: WELLHUB
A30: DANIELA RAMÍREZ | C30: POR CHECK IN | D30: 171.82 | I30: {=D30*R78} -> 0
A31: ANDREA RODRÍGUEZ | C31: POR CHECK IN | D31: 171.82 | I31: {=D31*R79} -> 0
A32: TOTAL WELLHUB | G32: 1030.92 | H32: 1890.02 | I32: {=I27+I28+I29+I30+I31} -> 4295.5
A33: JUMPING | B33: MILCA. MILCA. MILCA. MILCA. MILCA. MILCA. MILCA. MILCA. MILCA. MILCA. MILCA
A34: PRIMA CHARLIE | C34: POR CLASE | D34: 50 | E34: 1 | F34: X | G34: {=E34*D34} -> 50 | H34: {=D34*Q65} -> 50 | I34: 0 | M34: UNA | N34: $ POR CLASE
A35: ESTHER | C35: POR CLASE | D35: 50 | E35: 1 | F35: X | G35: {=E35*D35} -> 50 | H35: {=D35*Q63} -> 0 | I35: 0 | M35: UNA | N35: $ POR CLASE
A36: HERMANA LIRIA | C36: POR CLASE | D36: 50 | E36: 1 | F36: X | G36: {=E36*D36} -> 50 | H36: {=D36*Q64} -> 50 | I36: 0 | M36: UNA | N36: $ POR CLASE
A37: VALERIA MENA | C37: POR CLASE | D37: 75 | E37: 4 | F37: 300 | G37: 150 | H37: {=D37*Q66} -> 150 | I37: 0 | M37: TODAS | N37: $ POR CLASE
A38: APRIL | C38: POR CLASE | D38: 70 | E38: 3 | F38: X | G38: 210 | H38: {=D38*Q54} -> 140 | I38: 0
A39: CYNTHIA JUÁREZ PEREZ | C39: X | D39: 75 | F39: X | G39: {=E39*D39} -> 0 | H39: {=D39*Q69} -> 150 | I39: {=D39*R69} -> 525 | M39: UNA | N39: $ POR CLASE
A40: ANGELINA HERNÁNDEZ GARCIA | C40: X | D40: 75 | F40: X | G40: {=E40*D40} -> 0 | H40: {=D40*Q70} -> 150 | I40: {=D40*R70} -> 375 | M40: UNA | N40: $ POR CLASE
A41: ALEJANDRA CUELLAR | B41: 15 | C41: 500 | D41: 75 | F41: X | G41: {=E41*D41} -> 0 | H41: {=D41*Q71} -> 450 | I41: {=D41*R71} -> 375
A42: ARYA CUELLAR | B42: 11 | C42: 250 | D42: 75 | F42: X | G42: {=E42*D42} -> 0 | H42: {=D42*Q72} -> 675 | I42: {=D42*R72} -> 600 | M42: UNA | N42: $ POR CLASE
A43: PATRICIO CUELLAR | B43: 11 | C43: 250 | D43: 75 | F43: X | G43: {=E43*D43} -> 0 | H43: {=D43*Q73} -> 525 | I43: {=D43*R73} -> 375 | M43: UNA | N43: $ POR CLASE
A44: ZULEIKA DE ZENTENO | B44: 14 | C44: 260 | D44: 75 | F44: X | G44: {=E44*D44} -> 0 | H44: {=D44*Q74} -> 75 | I44: 0 | M44: UNA | N44: $ POR CLASE
A45: DANIEL ALBERTANO. ZENTENO | B45: 14 | C45: 260 | D45: 75 | F45: X | G45: {=E45*D45} -> 0 | H45: {=D45*Q75} -> 75 | I45: 0 | M45: UNA | N45: $ POR CLASE
A46: NICOLE ZENTENO | B46: 14 | C46: 280 | D46: 75 | F46: X | G46: {=E46*D46} -> 0 | H46: {=D46*Q76} -> 75 | I46: 0 | M46: UNA | N46: $ POR CLASE
A47: CARLOS ERNESTO | D47: 75 | F47: X | G47: {=E47*D47} -> 0 | H47: {=D47*Q81} -> 0 | I47: {=D47*R77} -> 225
A48: TOTAL CLASES | F48: X | G48: {=SUM(G34:G47)} -> 510 | H48: {=SUM(H34:H47)} -> 2565 | I48: {=SUM(I34:I47)} -> 2475
O50: X | P50: OCTUBRE | Q50: NOVIEMBRE | R50: DICIEMBRE | S50: A cuenta
O51: EDITH 12 | P51: 4 | Q51: {='NOVIEMBRE 2025'!AN102+'NOVIEMBRE 2025'!AW127+'NOVIEMBRE 2025'!BP189+'NOVIEMBRE 2025'!CI251} -> 4 | R51: {=AK120+BD190+BW263+CF300+CY373} -> 5
O52: BETTY 12 | P52: 0 | Q52: {='NOVIEMBRE 2025'!CI252+'NOVIEMBRE 2025'!BP190+'NOVIEMBRE 2025'!AW128+'NOVIEMBRE 2025'!AN103} -> 0 | R52: {=AK121+BD191+BW264+CF301+CY374} -> 1
O53: TOÑITO OSNAYA | Q53: {='NOVIEMBRE 2025'!AN104+'NOVIEMBRE 2025'!AW129+'NOVIEMBRE 2025'!BP191+'NOVIEMBRE 2025'!CI253} -> 9 | R53: {=AK138+BD208+BW281+CF318+CY391} -> 11
O54: APRIL | P54: 3 | Q54: {='NOVIEMBRE 2025'!AN105+'NOVIEMBRE 2025'!AW130+'NOVIEMBRE 2025'!BP192+'NOVIEMBRE 2025'!CI254} -> 2 | R54: {=AK122+BD192+BW265+CF316+CY389} -> 3
O55: LIRIA VILLEGAS | Q55: {='NOVIEMBRE 2025'!CI255+'NOVIEMBRE 2025'!BP193+'NOVIEMBRE 2025'!AW131+'NOVIEMBRE 2025'!AN106} -> 6 | R55: {=AK123+BD193+BW266+CF302+CY375} -> 6
O56: VALERIA QUINTANA | Q56: {='NOVIEMBRE 2025'!AN107+'NOVIEMBRE 2025'!AW132+'NOVIEMBRE 2025'!BP194+'NOVIEMBRE 2025'!CI256} -> 1 | R56: {=AK124+BD194+BW267+CF303+CY376} -> 0
O57: ARLETTE ROMÁN | Q57: {='NOVIEMBRE 2025'!CI257+'NOVIEMBRE 2025'!BP195+'NOVIEMBRE 2025'!AW133+'NOVIEMBRE 2025'!AN108} -> 10 | R57: {=AK125+BD195+BW268+CF304+CY377} -> 1 | S57: V0
O58: FERNANDA ALVA | Q58: 1 | R58: {=AK126+BD196+BW269+CF305+CY378} -> 0
O59: PEDRO FLORES | Q59: {='NOVIEMBRE 2025'!CI259+'NOVIEMBRE 2025'!BP197+'NOVIEMBRE 2025'!AW135+'NOVIEMBRE 2025'!AN110} -> 4 | R59: {=AK127+BD197+BW270+CF306+CY379} -> 1
O60: LUIS ALBERTO | Q60: {='NOVIEMBRE 2025'!CI260+'NOVIEMBRE 2025'!BP198+'NOVIEMBRE 2025'!AW136+'NOVIEMBRE 2025'!AN111} -> 5 | R60: {=AK128+BD198+BW271+CF307+CY380} -> 0
O61: URIEL. CARDIEL | P61: 6 | Q61: {='NOVIEMBRE 2025'!AN112+'NOVIEMBRE 2025'!AW137+'NOVIEMBRE 2025'!BP199+'NOVIEMBRE 2025'!CI261} -> 11 | R61: {=AK137+BD207+BW280+CF317+CY390} -> 11
O62: RODRIGO ALVA | P62: 0 | Q62: {='NOVIEMBRE 2025'!CI262+'NOVIEMBRE 2025'!BP200+'NOVIEMBRE 2025'!AW138+'NOVIEMBRE 2025'!AN113} -> 7 | R62: {=AK129+BD199+BW272+CF308+CY381} -> 3
O63: ESTHER | P63: 1 | Q63: 0 | R63: {=AK130+BD200+BW273+CF309+CY382} -> 0
O64: HERMANA LIRIA | P64: 1 | Q64: 1 | R64: {=AK131+BD201+BW274+CF310+CY383} -> 0
O65: PRIMA CHARLIE | P65: 1 | Q65: 1 | R65: {=AK132+BD202+BW275+CF311+CY384} -> 0
O66: VALERIA MENA | P66: 2 | Q66: {='NOVIEMBRE 2025'!CI266+'NOVIEMBRE 2025'!BP204+'NOVIEMBRE 2025'!AW142+'NOVIEMBRE 2025'!AN117} -> 2 | R66: {=AK133+BD203+BW276+CF312+CY385} -> 0
O67: Amiga Milka | P67: 0 | Q67: 0 | R67: {=AK140+BD212+BW285+CF322+CY395} -> 0
O68: Amiga Cynthia | P68: 0 | Q68: 1 | R68: {=AK141+BD213+BW286+CF323+CY396} -> 0
O69: CYNTHIA JUÁREZ PEREZ | P69: 0 | Q69: 2 | R69: {=AK142+BD214+BW287+CF324+CY397} -> 7
O70: ANGELINA HERNÁNDEZ GARCIA | P70: 0 | Q70: 2 | R70: {=AK143+BD215+BW288+CF325+CY398} -> 5
O71: ALEJANDRA GARCIA | P71: 0 | Q71: {='NOVIEMBRE 2025'!CI275+'NOVIEMBRE 2025'!BP212+'NOVIEMBRE 2025'!AW151} -> 6 | R71: {=AK144+BD216+BW289+CF326+CY399} -> 5
O72: ARYA CUELLAR | P72: 0 | Q72: {='NOVIEMBRE 2025'!AX152+'NOVIEMBRE 2025'!BQ213+'NOVIEMBRE 2025'!CI276} -> 9 | R72: {=AK145+BD217+BW290+CF327+CY400} -> 8
O73: PATRICIO CUELLAR | P73: 0 | Q73: {='NOVIEMBRE 2025'!CI277+'NOVIEMBRE 2025'!BP214+'NOVIEMBRE 2025'!AW153} -> 7 | R73: {=AK146+BD218+BW291+CF328+CY401} -> 5
O74: ZULEIKA DE ZENTENO | P74: 0 | Q74: 1 | R74: {=AK147+BW292+CF329+BD219+CY402} -> 0
O75: DANIEL ALBERTANO. ZENTENO | P75: 0 | Q75: 1 | R75: {=AK136+BD206+BW279+CF315+CY388} -> 0
O76: NICOLE ZENTENO | P76: 0 | Q76: 1 | R76: {=AK135+BD205+BW278+CF314+CY387} -> 0
O77: CARLOS ERNESTO | P77: 0 | Q77: 0 | R77: {=BD220+BW293+CF330+CY403} -> 3
O78: DANIELA RAMÍREZ | P78: 0 | Q78: 0 | R78: {=BD209+BW282+CF319+CY392} -> 0
O79: ANDREA RODRÍGUEZ | P79: 0 | Q79: 0 | R79: {=BD210+BW283+CF320+CY393} -> 0
O80: OSVALDO | P80: 0 | Q80: 0 | R80: {=BW294+CF331+CY404} -> 6
O81: INVITADOS | P81: 0 | Q81: 0 | R81: {=AK148+BW295+CF332+CY405+BD221} -> 9
O82: TOTAL | P82: {=SUM(P51:P76)} -> 18 | Q82: {=SUM(Q51:Q76)} -> 94 | R82: {=SUM(R51:R81)} -> 90 | S82: {=SUM(S51:S81)} -> 0
T84: CLASES PAGADAS/NO PAGADAS DE COACHES SEMANA 1
U85: LUNES 01 | V85: MARTES 02 | W85: MIÉRCOLES. 03 | X85: JUEVES. 04 | Y85: VIERNES. 05 | Z85: SABADO. 06 | AA85: CLASES PAGADAS | AB85: CLASES PENDIENTES | AC85: CLASES DEMO
T86: EDITH 12
T87: BETTY 12
T88: APRIL
T89: LIRIA VILLEGAS
T90: VALERIA QUINTANA
T91: ARLETTE ROMÁN
T92: FERNANDA ALVA
T93: PEDRO FLORES
T94: LUIS ALBERTO
T95: RODRIGO ALVA
T96: ESTHER
T97: HERMANA LIRIA
... T115: INVITADOS
T116: TOTAL | U116: {=SUM(U86:U115)} -> 0 | V116: {=SUM(V86:V115)} -> 0 | W116: {=SUM(W86:W115)} -> 0 | X116: {=SUM(X86:X115)} -> 0 | Y116: {=SUM(Y86:Y115)} -> 0 | Z116: {=SUM(Z86:Z115)} -> 0 | AA116: {=SUM(AA86:AA115)} -> 0 | AB116: {=SUM(AB86:AB115)} -> 0 | AC116: {=SUM(AC86:AC115)} -> 0
AD118: Asistencias. SEMANA 1
AE119: LUNES 01 | AF119: MARTES 02 | AG119: MIÉRCOLES. 03 | AH119: JUEVES. 04 | AI119: VIERNES. 05 | AJ119: SABADO. 06 | AK119: CLASES TOMADAS | AL119: CLASES PAGADAS
AD120: EDITH 12 | AE120: 1 | AK120: {=SUM(AE120:AJ120)} -> 1
AD121: BETTY 12 | AE121: 1 | AK121: {=SUM(AE121:AJ121)} -> 1
AD122: APRIL | AK122: {=SUM(AE122:AJ122)} -> 0
AD123: LIRIA VILLEGAS | AE123: 1 | AH123: 1 | AK123: {=SUM(AE123:AJ123)} -> 2
AD124: VALERIA QUINTANA | AK124: {=SUM(AE124:AJ124)} -> 0
AD125: ARLETTE ROMÁN | AK125: {=SUM(AE125:AJ125)} -> 0
AD126: FERNANDA ALVA | AK126: {=SUM(AE126:AJ126)} -> 0
AD127: PEDRO FLORES | AF127: 1 | AK127: {=SUM(AE127:AJ127)} -> 1
...

Sheet ENERO 2026
C2: X | D2: OCTUBRE | E2: NOVIEMBRE | F2: DICIEMBRE | G2: ENERO | K2: Visitas
C3: EDITH 12 | D3: 4 | E3: {='NOVIEMBRE 2025'!AN102+'NOVIEMBRE 2025'!AW127+'NOVIEMBRE 2025'!BP189+'NOVIEMBRE 2025'!CI251} -> 4 | F3: {='DICIEMBRE 2025'!AK120+'DICIEMBRE 2025'!BD190+'DICIEMBRE 2025'!BW263+'DICIEMBRE 2025'!CF300+'DICIEMBRE 2025'!CY373} -> 5 | G3: {=AJ93+BD160+BX237+CR321+DL404} -> 3
C4: BETTY 12 | D4: 0 | E4: {='NOVIEMBRE 2025'!CI252+'NOVIEMBRE 2025'!BP190+'NOVIEMBRE 2025'!AW128+'NOVIEMBRE 2025'!AN103} -> 0 | F4: {='DICIEMBRE 2025'!AK121+'DICIEMBRE 2025'!BD191+'DICIEMBRE 2025'!BW264+'DICIEMBRE 2025'!CF301+'DICIEMBRE 2025'!CY374} -> 1 | G4: {=AJ94+BD161+BX238+CR322+DL405} -> 2
C5: APRIL | D5: 3 | E5: {='NOVIEMBRE 2025'!AN105+'NOVIEMBRE 2025'!AW130+'NOVIEMBRE 2025'!BP192+'NOVIEMBRE 2025'!CI254} -> 2 | F5: {='DICIEMBRE 2025'!AK122+'DICIEMBRE 2025'!BD192+'DICIEMBRE 2025'!BW265+'DICIEMBRE 2025'!CF316+'DICIEMBRE 2025'!CY389} -> 3 | G5: {=AJ95+BD162+BX239+CR337+DL420} -> 7
C6: TOÑITO OSNAYA | E6: {='NOVIEMBRE 2025'!AN104+'NOVIEMBRE 2025'!AW129+'NOVIEMBRE 2025'!BP191+'NOVIEMBRE 2025'!CI253} -> 9 | F6: {='DICIEMBRE 2025'!AK138+'DICIEMBRE 2025'!BD208+'DICIEMBRE 2025'!BW281+'DICIEMBRE 2025'!CF318+'DICIEMBRE 2025'!CY391} -> 11 | G6: {=BD178+BX255+CR339+DL422} -> 13
C7: URIEL. CARDIEL | D7: 6 | E7: {='NOVIEMBRE 2025'!AN112+'NOVIEMBRE 2025'!AW137+'NOVIEMBRE 2025'!BP199+'NOVIEMBRE 2025'!CI261} -> 11 | F7: {='DICIEMBRE 2025'!AK137+'DICIEMBRE 2025'!BD207+'DICIEMBRE 2025'!BW280+'DICIEMBRE 2025'!CF317+'DICIEMBRE 2025'!CY390} -> 11 | G7: {=AJ110+BD177+BX254+CR338+DL421} -> 11
C8: DANIELA RAMÍREZ | D8: 0 | E8: 0 | F8: {='DICIEMBRE 2025'!BD209+'DICIEMBRE 2025'!BW282+'DICIEMBRE 2025'!CF319+'DICIEMBRE 2025'!CY392} -> 0
C9: ANDREA RODRÍGUEZ | D9: 0 | E9: 0 | F9: {='DICIEMBRE 2025'!BD210+'DICIEMBRE 2025'!BW283+'DICIEMBRE 2025'!CF320+'DICIEMBRE 2025'!CY393} -> 0
C10: LIRIA VILLEGAS | E10: {='NOVIEMBRE 2025'!CI255+'NOVIEMBRE 2025'!BP193+'NOVIEMBRE 2025'!AW131+'NOVIEMBRE 2025'!AN106} -> 6 | F10: {='DICIEMBRE 2025'!AK123+'DICIEMBRE 2025'!BD193+'DICIEMBRE 2025'!BW266+'DICIEMBRE 2025'!CF302+'DICIEMBRE 2025'!CY375} -> 6 | G10: {=AJ96+BD163+BX240+CR323+DL406} -> 10
C11: VALERIA QUINTANA | E11: {='NOVIEMBRE 2025'!AN107+'NOVIEMBRE 2025'!AW132+'NOVIEMBRE 2025'!BP194+'NOVIEMBRE 2025'!CI256} -> 1 | F11: {='DICIEMBRE 2025'!AK124+'DICIEMBRE 2025'!BD194+'DICIEMBRE 2025'!BW267+'DICIEMBRE 2025'!CF303+'DICIEMBRE 2025'!CY376} -> 0
C12: ARLETTE ROMÁN | E12: {='NOVIEMBRE 2025'!CI257+'NOVIEMBRE 2025'!BP195+'NOVIEMBRE 2025'!AW133+'NOVIEMBRE 2025'!AN108} -> 10 | F12: {='DICIEMBRE 2025'!AK125+'DICIEMBRE 2025'!BD195+'DICIEMBRE 2025'!BW268+'DICIEMBRE 2025'!CF304+'DICIEMBRE 2025'!CY377} -> 1 | G12: {=AJ98+BD165+BX242+CR325+DL408} -> 10 | K12: {=AL98+BF165+BZ242+CT325+DN408} -> 6
C13: FERNANDA ALVA | E13: 1 | F13: {='DICIEMBRE 2025'!AK126+'DICIEMBRE 2025'!BD196+'DICIEMBRE 2025'!BW269+'DICIEMBRE 2025'!CF305+'DICIEMBRE 2025'!CY378} -> 0
C14: PEDRO FLORES | E14: {='NOVIEMBRE 2025'!CI259+'NOVIEMBRE 2025'!BP197+'NOVIEMBRE 2025'!AW135+'NOVIEMBRE 2025'!AN110} -> 4 | F14: {='DICIEMBRE 2025'!AK127+'DICIEMBRE 2025'!BD197+'DICIEMBRE 2025'!BW270+'DICIEMBRE 2025'!CF306+'DICIEMBRE 2025'!CY379} -> 1
C15: LUIS ALBERTO | E15: {='NOVIEMBRE 2025'!CI260+'NOVIEMBRE 2025'!BP198+'NOVIEMBRE 2025'!AW136+'NOVIEMBRE 2025'!AN111} -> 5 | F15: {='DICIEMBRE 2025'!AK128+'DICIEMBRE 2025'!BD198+'DICIEMBRE 2025'!BW271+'DICIEMBRE 2025'!CF307+'DICIEMBRE 2025'!CY380} -> 0
C16: RODRIGO ALVA | D16: 0 | E16: {='NOVIEMBRE 2025'!CI262+'NOVIEMBRE 2025'!BP200+'NOVIEMBRE 2025'!AW138+'NOVIEMBRE 2025'!AN113} -> 7 | F16: {='DICIEMBRE 2025'!AK129+'DICIEMBRE 2025'!BD199+'DICIEMBRE 2025'!BW272+'DICIEMBRE 2025'!CF308+'DICIEMBRE 2025'!CY381} -> 3 | G16: {=AJ102+BD169+BX246+CR329+DL412} -> 9
C17: ESTHER | D17: 1 | E17: 0 | F17: {='DICIEMBRE 2025'!AK130+'DICIEMBRE 2025'!BD200+'DICIEMBRE 2025'!BW273+'DICIEMBRE 2025'!CF309+'DICIEMBRE 2025'!CY382} -> 0
C18: HERMANA LIRIA | D18: 1 | E18: 1 | F18: {='DICIEMBRE 2025'!AK131+'DICIEMBRE 2025'!BD201+'DICIEMBRE 2025'!BW274+'DICIEMBRE 2025'!CF310+'DICIEMBRE 2025'!CY383} -> 0
C19: PRIMA CHARLIE | D19: 1 | E19: 1 | F19: {='DICIEMBRE 2025'!AK132+'DICIEMBRE 2025'!BD202+'DICIEMBRE 2025'!BW275+'DICIEMBRE 2025'!CF311+'DICIEMBRE 2025'!CY384} -> 0
C20: VALERIA MENA | D20: 2 | E20: {='NOVIEMBRE 2025'!CI266+'NOVIEMBRE 2025'!BP204+'NOVIEMBRE 2025'!AW142+'NOVIEMBRE 2025'!AN117} -> 2 | F20: {='DICIEMBRE 2025'!AK133+'DICIEMBRE 2025'!BD203+'DICIEMBRE 2025'!BW276+'DICIEMBRE 2025'!CF312+'DICIEMBRE 2025'!CY385} -> 0 | G20: {=AJ106+BD173+BX250+CR333+DL416} -> 10
C21: Amiga Milka | D21: 0 | E21: 0 | F21: {='DICIEMBRE 2025'!AK140+'DICIEMBRE 2025'!BD212+'DICIEMBRE 2025'!BW285+'DICIEMBRE 2025'!CF322+'DICIEMBRE 2025'!CY395} -> 0
C22: Amiga Cynthia | D22: 0 | E22: 1 | F22: {='DICIEMBRE 2025'!AK141+'DICIEMBRE 2025'!BD213+'DICIEMBRE 2025'!BW286+'DICIEMBRE 2025'!CF323+'DICIEMBRE 2025'!CY396} -> 0
C23: CYNTHIA JUÁREZ PEREZ | D23: 0 | E23: 2 | F23: {='DICIEMBRE 2025'!AK142+'DICIEMBRE 2025'!BD214+'DICIEMBRE 2025'!BW287+'DICIEMBRE 2025'!CF324+'DICIEMBRE 2025'!CY397} -> 7 | G23: {=AJ115+BD184+BX261+CR345+DL428} -> 13
C24: ANGELINA HERNÁNDEZ GARCIA | D24: 0 | E24: 2 | F24: {='DICIEMBRE 2025'!AK143+'DICIEMBRE 2025'!BD215+'DICIEMBRE 2025'!BW288+'DICIEMBRE 2025'!CF325+'DICIEMBRE 2025'!CY398} -> 5 | G24: {=AJ116+BD185+BX262+CR346+DL429} -> 8
C25: VERO JUÁREZ | D25: 0 | E25: 0 | F25: 0 | G25: {=BX263+CR347+DL430} -> 6
C26: ALEJANDRA GARCIA | D26: 0 | E26: {='NOVIEMBRE 2025'!CI275+'NOVIEMBRE 2025'!BP212+'NOVIEMBRE 2025'!AW151} -> 6 | F26: {='DICIEMBRE 2025'!AK144+'DICIEMBRE 2025'!BD216+'DICIEMBRE 2025'!BW289+'DICIEMBRE 2025'!CF326+'DICIEMBRE 2025'!CY399} -> 5 | G26: {=AJ117+BD186+BX264+CR348+DL431} -> 0
C27: ARYA CUELLAR | D27: 0 | E27: {='NOVIEMBRE 2025'!AX152+'NOVIEMBRE 2025'!BQ213+'NOVIEMBRE 2025'!CI276} -> 9 | F27: {='DICIEMBRE 2025'!AK145+'DICIEMBRE 2025'!BD217+'DICIEMBRE 2025'!BW290+'DICIEMBRE 2025'!CF327+'DICIEMBRE 2025'!CY400} -> 8 | G27: {=AJ118+BD187+BX265+CR349+DL432} -> 5
C28: PATRICIO CUELLAR | D28: 0 | E28: {='NOVIEMBRE 2025'!CI277+'NOVIEMBRE 2025'!BP214+'NOVIEMBRE 2025'!AW153} -> 7 | F28: {='DICIEMBRE 2025'!AK146+'DICIEMBRE 2025'!BD218+'DICIEMBRE 2025'!BW291+'DICIEMBRE 2025'!CF328+'DICIEMBRE 2025'!CY401} -> 5 | G28: {=AJ119+BD188+BX266+CR350+DL433} -> 4
C29: ZULEIKA DE ZENTENO | D29: 0 | E29: 1 | F29: {='DICIEMBRE 2025'!AK147+'DICIEMBRE 2025'!BW292+'DICIEMBRE 2025'!CF329+'DICIEMBRE 2025'!BD219+'DICIEMBRE 2025'!CY402} -> 0 | G29: {=AJ107+BD174+BX251+CR334+DL417} -> 1
C30: DANIEL ALBERTANO. ZENTENO | D30: 0 | E30: 1 | F30: {='DICIEMBRE 2025'!AK136+'DICIEMBRE 2025'!BD206+'DICIEMBRE 2025'!BW279+'DICIEMBRE 2025'!CF315+'DICIEMBRE 2025'!CY388} -> 0 | G30: {=AJ109+BD176+BX253+CR336+DL419} -> 0
C31: NICOLE ZENTENO | D31: 0 | E31: 1 | F31: {='DICIEMBRE 2025'!AK135+'DICIEMBRE 2025'!BD205+'DICIEMBRE 2025'!BW278+'DICIEMBRE 2025'!CF314+'DICIEMBRE 2025'!CY387} -> 0 | G31: {=AJ108+BD175+BX252+CR335+DL418} -> 1
C32: CARLOS ERNESTO | D32: 0 | E32: 0 | F32: {='DICIEMBRE 2025'!BD220+'DICIEMBRE 2025'!BW293+'DICIEMBRE 2025'!CF330+'DICIEMBRE 2025'!CY403} -> 3 | G32: {=BD190+BX268+CR352+DL435} -> 4
C33: OSVALDO | D33: 0 | E33: 0 | F33: {='DICIEMBRE 2025'!BW294+'DICIEMBRE 2025'!CF331+'DICIEMBRE 2025'!CY404} -> 6 | G33: {=DL436+BX269+CR353} -> 3
C34: MIGUEL MARROQUÍN | D34: 0 | E34: 0 | F34: 0 | G34: {=CR354+DL437} -> 2
C35: IRMA GARCÍA | D35: 0 | E35: 0 | F35: 0 | G35: {=CR355+DL438} -> 4 | K35: {=CT355+DN438} -> 4
C36: ELENA | D36: 0 | E36: 0 | F36: 0 | G36: {=CR358+DL439} -> 9
C37: MARIA NAVARRO LARA | D37: 0 | E37: 0 | F37: 0 | G37: {=DL440} -> 1
C38: INVITADOS | D38: 0 | E38: 0 | F38: {='DICIEMBRE 2025'!AK148+'DICIEMBRE 2025'!BW295+'DICIEMBRE 2025'!CF332+'DICIEMBRE 2025'!CY405+'DICIEMBRE 2025'!BD221} -> 9 | G38: {=AJ121+BD191+BX274+CR358+DL441} -> 23
C39: TOTAL | D39: {=SUM(D3:D31)} -> 18 | E39: {=SUM(E3:E31)} -> 94 | F39: {=SUM(F3:F38)} -> 90 | G39: {=SUM(G3:G38)} -> 159 | H39: {=SUM(H3:H38)} -> 0 | I39: {=SUM(I3:I38)} -> 0 | J39: {=SUM(J3:J38)} -> 0 | K39: {=SUM(K3:K38)} -> 10
L41: OCCALISTHENICSMX
L42: NOMBRE | N42: MEMBRESIA | O42: COSTO PLAN | P42: TIPO DE PLAN | Q42: FINALIZA PLAN | R42: SEPTIEMBRE | S42: OCTUBRE | T42: NOVIEMBRE | U42: DICIEMBRE | V42: ENERO | W42: SAUNA | X42: OPEN GYM | Y42: VISITAS | Z42: CLASES | AA42: CLASES POR DIA | AB42: NUTRICIÓN
L43: TOÑITO OSNAYA | M43: 1 | N43: PAGADA | O43: 945 | P43: WELLHUB | R43: 945 | S43: 945 | T43: 945 | U43: 0 | V43: 0 | W43: ✅ | X43: ✅ | Y43: ✅ | Z43: TODAS | AA43: UNA
L44: LIRIA VILLEGAS | M44: 19 ENERO | N44: PAGADA | O44: 945 | P44: SEMESTRAL | Q44: 19 Julio | R44: 945 | S44: 945 | T44: 945 | U44: 0 | V44: 4500 | W44: ✅ | X44: ✅ | Y44: ✅ | Z44: TODAS | AA44: UNA
L45: VALERIA QUINTANA | M45: 3 NOVIEMBRE | N45: PAGADA | O45: 945 | P45: PLAN OC | R45: 945 | S45: 945 | T45: 945 | U45: 945 | V45: 0 | W45: ✅ | X45: ✅ | Y45: ✅ | Z45: TODAS | AA45: UNA
L46: ARLETTE ROMÁN | M46: 3 NOVIEMBRE | N46: PAGADA | O46: 945 | P46: PLAN OC | Q46: 3 Enero | R46: 945 | S46: 945 | T46: 945 | U46: 945 | V46: 945 | W46: ✅ | X46: ✅ | Y46: ✅ | Z46: TODAS | AA46: UNA
L47: FERNANDA ALVA | M47: 5 NOVIEMBRE | N47: PAGADA | O47: 995 | P47: PLAN OC | R47: 995 | S47: 995 | T47: 0 | U47: 0 | V47: 0 | W47: ✅ | X47: ✅ | Y47: ✅ | Z47: TODAS | AA47: UNA
L48: PEDRO FLORES | M48: 11 NOVIEMBRE | N48: PAGADA | O48: 945 | P48: PLAN OC | R48: 945 | S48: 945 | T48: 945 | U48: 0 | V48: 0 | W48: ✅ | X48: ✅ | Y48: ✅ | Z48: TODAS | AA48: UNA
L49: LUIS ALBERTO | M49: 13 NOVIEMBRE | N49: PAGADA | O49: 945 | P49: PLAN OC | R49: 945 | S49: 945 | T49: 945 | U49: 0 | V49: 0 | W49: ✅ | X49: ✅ | Y49: ✅ | Z49: TODAS | AA49: UNA
L50: URIEL. CARDIEL | M50: 20 OCTUBRE | N50: PAGADA | O50: 945 | P50: WELLHUB | R50: 945 | S50: 0 | T50: 0 | U50: 0 | V50: 0 | W50: ✅ | X50: ✅ | Y50: ✅ | Z50: TODAS | AA50: UNA
L51: EDIT | M51: 18 NOVIEMBRE | N51: Debe $300 | O51: X | P51: 12 CLASES | R51: 0 | S51: 630 | T51: 630 | U51: 0 | V51: 0 | W51: ❌ | X51: ✅ | Y51: ❌ | Z51: UNA | AA51: UNA
L52: RODRIGO ALVA | M52: 24 ENERO | N52: PAGADA | O52: 995 | P52: PLAN OC | Q52: 24 FEBRERO | R52: 995 | S52: 995 | T52: 995 | U52: 995 | V52: 995 | W52: ✅ | X52: ✅ | Y52: ✅ | Z52: TODAS | AA52: UNA
L53: BETTY | M53: 30 DICIEMBRE | N53: Debe $500 | O53: X | P53: 12 CLASES | R53: 0 | S53: 630 | T53: 0 | U53: 0 | V53: 0 | W53: ❌ | X53: ✅ | Y53: ❌ | Z53: UNA | AA53: UNA
L54: OSVALDO | M54: 16 ENERO | N54: PAGADA | O54: 400 | P54: OPEN GYM | R54: 0 | S54: 0 | T54: 0 | U54: 400 | V54: 0 | W54: ❌ | X54: ✅ | Y54: ❌ | Z54: NINGUNA | AA54: NINGUNA
L55: CYNTHIA JUÁREZ PEREZ | M55: 20 ENERO | N55: 250 | O55: 995 | P55: PLAN OC | Q55: 20 FEBRERO | R55: POR CLASE | V55: 995 | W55: ✅ | X55: ✅ | Y55: ✅ | Z55: TODAS | AA55: UNA
L56: MIGUEL MARROQUÍN | M56: 23 ENERO | N56: 500 | O56: 995 | P56: PLAN OC | Q56: 23 FEBRERO | R56: 0 | V56: 995 | W56: ✅ | X56: ✅ | Y56: ✅ | Z56: TODAS | AA56: UNA
L57: IRMA GARCÍA | M57: 23 ENERO | N57: Debe $500 | O57: 3500 | P57: SEMESTRE | Q57: 23 JULIO | R57: 0 | V57: 3500 | W57: ✅ | X57: ✅ | Y57: ✅ | Z57: TODAS | AA57: UNA
L61: TOTAL | U61: 3285 | V61: {=V44+V45+V46+V47+V48+V49+V51+V52+V53+V54+V55+V56+V57+V58+V59+V60} -> 11930
L62: INACTIVOS
L63: HECTOR NIETO | M63: 27 | N63: 150 | O63: 950 | P63: PLAN OC | R63: 950
L64: MENSUAL | N64: {=N55+N56} -> 750 | R64: 21105 | S64: 10460.92 | T64: 13550.02 | U64: 10055.5 | V64: {=V61+V72+V89+N80+N55+N56+N88+N64} -> 22062.76
L65: TOTAL NETO | O65: {=R64+S64+T64+U64+V64} -> 77234.2
L66: WELLHUB | M66: WELLHUB. WELLHUB. WELLHUB. WELLHUB. WELLHUB. WELLHUB. WELLHUB. WELLHUB
L67: APRIL | N67: POR CHECK IN | O67: 171.82 | U67: {='DICIEMBRE 2025'!R54*O67} -> 515.46 | V67: {=O67*G5} -> 1202.74 | AA67: WELLHUB
L68: TOÑITO OSNAYA | N68: POR CHECK IN | O68: 171.82 | U68: {=O68*'DICIEMBRE 2025'!R53} -> 1890.02 | V68: 1890 | Z68: TODAS | AA68: WELLHUB
L69: URIEL CARDIEL | N69: POR CHECK IN | O69: 171.82 | R69: X | S69: {=O69*'DICIEMBRE 2025'!P61} -> 1030.92 | T69: {=O69*'DICIEMBRE 2025'!Q61} -> 1890.02 | U69: {=O69*'DICIEMBRE 2025'!R61} -> 1890.02 | V69: {=O69*G7} -> 1890.02 | AA69: WELLHUB
L70: DANIELA RAMÍREZ | N70: POR CHECK IN | O70: 171.82 | U70: {=O70*'DICIEMBRE 2025'!R78} -> 0 | V70: {=O70*G8} -> 0 | AA70: WELLHUB
L71: ANDREA RODRÍGUEZ | N71: POR CHECK IN | O71: 171.82 | U71: {=O71*'DICIEMBRE 2025'!R79} -> 0 | V71: {=O71*G9} -> 0
L72: TOTAL WELLHUB | S72: 1030.92 | T72: 1890.02 | U72: {=U67+U68+U69+U70+U71} -> 4295.5 | V72: {=V67+V68+V69+V70+V71} -> 4982.76 | AA72: WELLHUB
L73: PRIMA CHARLIE | N73: POR CLASE | O73: 50 | R73: X | S73: {=P73*O73} -> 0 | T73: {=O73*'DICIEMBRE 2025'!Q64} -> 50 | U73: 0
L74: ESTHER | N74: POR CLASE | O74: 50 | R74: X | S74: {=P74*O74} -> 0 | T74: {=O74*'DICIEMBRE 2025'!Q62} -> 350 | U74: 0 | Z74: UNA | AA74: $ POR CLASE
L75: HERMANA LIRIA | N75: POR CLASE | O75: 50 | R75: X | S75: {=P75*O75} -> 0 | T75: {=O75*'DICIEMBRE 2025'!Q63} -> 0 | U75: 0 | Z75: UNA | AA75: $ POR CLASE
L76: VALERIA MENA | M76: 19 ENERO | N76: POR CLASE | O76: 50 | P76: SEMANAL | Q76: 02 FEBRERO | R76: 300 | S76: 150 | T76: {=O76*'DICIEMBRE 2025'!Q65} -> 50 | U76: 0 | V76: 500 | Z76: UNA | AA76: $ POR CLASE | AB76: $500
N77: POR CLASE | O77: 70 | P77: POR CLASE | R77: X | S77: 210 | T77: {=O77*'DICIEMBRE 2025'!Q53} -> 630 | U77: 0 | Z77: TODAS | AA77: $ POR CLASE
L78: CYNTHIA JUÁREZ PEREZ | N78: POR CLASE | O78: 75 | P78: POR CLASE | R78: X | T78: {=O78*'DICIEMBRE 2025'!Q68} -> 75 | U78: 525 | V78: 375
L79: ANGELINA HERNÁNDEZ GARCIA | N79: POR CLASE | O79: 75 | P79: POR CLASE | R79: X | T79: {=O79*'DICIEMBRE 2025'!Q69} -> 150 | U79: 375 | V79: {=G24*O79} -> 600 | Z79: UNA | AA79: $ POR CLASE
L80: VERO JUÁREZ | M80: 21 ENERO | N80: 250 | O80: 75 | P80: POR CLASE | T80: {=O80*'DICIEMBRE 2025'!Q70} -> 150 | V80: {=G25*O80} -> 450
L81: ALEJANDRA CUELLAR | M81: 15 ENERO | N81: POR CLASE | O81: 75 | P81: POR CLASE | R81: X | T81: {=O81*'DICIEMBRE 2025'!Q70} -> 150 | U81: 375 | V81: {=G26*O81} -> 0 | Z81: UNA | AA81: $ POR CLASE
L82: ARYA CUELLAR | M82: 11 ENERO | N82: POR CLASE | O82: 75 | P82: POR CLASE | R82: X | T82: {=O82*'DICIEMBRE 2025'!Q71} -> 450 | U82: 600 | V82: {=O82*G27} -> 375
L83: PATRICIO CUELLAR | M83: 11 ENERO | N83: POR CLASE | O83: 75 | P83: POR CLASE | R83: X | T83: {=O83*'DICIEMBRE 2025'!Q72} -> 675 | U83: 375 | V83: {=O83*G28} -> 300 | Z83: UNA | AA83: $ POR CLASE
L84: ZULEIKA DE ZENTENO | M84: 14 ENERO | N84: POR CLASE | O84: 75 | P84: POR CLASE | R84: X | T84: {=O84*'DICIEMBRE 2025'!Q73} -> 525 | U84: 0 | Z84: UNA | AA84: $ POR CLASE
L85: DANIEL ALBERTANO. ZENTENO | M85: 14 ENERO | N85: POR CLASE | O85: 75 | P85: POR CLASE | R85: X | T85: {=O85*'DICIEMBRE 2025'!Q74} -> 75 | U85: 0 | Z85: UNA | AA85: $ POR CLASE
L86: NICOLE ZENTENO | M86: 14 ENERO | N86: POR CLASE | O86: 75 | P86: POR CLASE | R86: X | T86: {=O86*'DICIEMBRE 2025'!Q75} -> 75 | U86: 0 | Z86: UNA | AA86: $ POR CLASE
L87: CARLOS ERNESTO | M87: 14 ENERO | N87: Debe membresía | O87: 75 | P87: POR CLASE | R87: X | T87: {=O87*'DICIEMBRE 2025'!Q80} -> 0 | U87: {=225} -> 225 | V87: {=O87*G32} -> 300 | Z87: UNA | AA87: $ POR CLASE
L88: MARÍA NAVARRO LARA | M88: 30 ENERO | N88: 500 | O88: 75 | P88: POR CLASE
L89: TOTAL CLASES | R89: X | S89: 510 | T89: 2565 | U89: 2475 | V89: {=V73+V74+V75+V76+V77+V78+V79+V81+V82+V83+V84+V85+V86+V87+V80} -> 2900
AC91: Asistencias. SEMANA 1
AD92: LUNES 01 MARTES 02 MIÉRCOLES. 03 | AG92: JUEVES. 01 | AH92: VIERNES.02 | AI92: SABADO. 03 | AJ92: CLASES TOMADAS | AK92: CLASES PAGADAS | AL92: VISITAS
AC93: EDITH 12 | AJ93: {=SUM(AD93:AI93)} -> 0
AC94: BETTY 12 | AJ94: {=SUM(AD94:AI94)} -> 0
AC95: APRIL | AH95: 2 | AJ95: {=SUM(AD95:AI95)} -> 2
AC96: LIRIA VILLEGAS | AJ96: {=SUM(AD96:AI96)} -> 0
AC97: VALERIA QUINTANA | AJ97: {=SUM(AD97:AI97)} -> 0
AC98: ARLETTE ROMÁN | AJ98: {=SUM(AD98:AI98)} -> 0 | AL98: 1
AC99: FERNANDA ALVA | AJ99: {=SUM(AD99:AI99)} -> 0
AC100: PEDRO FLORES | AJ100: {=SUM(AD100:AI100)} -> 0
AC101: LUIS ALBERTO | AJ101: {=SUM(AD101:AI101)} -> 0
AC102: RODRIGO ALVA | AJ102: {=SUM(AD102:AI102)} -> 0
AC103: ESTHER | AJ103: {=SUM(AD103:AI103)} -> 0
AC104: HERMANA LIRIA | AJ104: {=SUM(AD104:AI104)} -> 0
AC105: PRIMA CHARLIE | AJ105: {=SUM(AD105:AI105)} -> 0
AC106: VALERIA MENA | AJ106: {=SUM(AD106:AI106)} -> 0
...

Sheet FEBRERO 2026
B2: OCCALISTHENICSMX
B3: NOMBRE | C3: DÍA DE PAGO | D3: MEMBRESIA | E3: COSTO PLAN | F3: TIPO DE PLAN | G3: FINALIZA PLAN | H3: ENERO | I3: FEBRERO | J3: SAUNA | K3: OPEN GYM | L3: VISITAS | M3: CLASES | N3: CLASES POR DIA | O3: NUTRICIÓN
B4: LIRIA VILLEGAS | C4: 19 ENERO | D4: PAGADA | E4: X | F4: SEMESTRE | G4: 19 JULIO | H4: 4500 | I4: 0 | J4: ✅ | K4: ✅ | L4: ✅ | M4: TODAS | N4: UNA | O4: ❌
B5: ARLETTE ROMÁN | C5: 3 NOVIEMBRE | D5: PAGADA | E5: 945 | F5: PLAN OC | H5: 945 | I5: 0 | J5: ✅ | K5: ✅ | L5: ✅ | M5: TODAS | N5: UNA | O5: ❌
B6: EDIT | C6: 18 NOVIEMBRE | D6: Debe $300 | E6: X | F6: 12 CLASES | H6: 0 | I6: 0 | J6: ❌ | K6: ✅ | L6: ❌ | M6: UNA | N6: UNA | O6: ❌
B7: RODRIGO ALVA | C7: 24 FEBRERO | D7: PAGADA | E7: 995 | F7: PLAN OC | G7: 24 MARZO | H7: 995 | I7: 0 | J7: ✅ | K7: ✅ | L7: ✅ | M7: TODAS | N7: UNA | O7: ❌
B8: OSVALDO | C8: 22 FEBRERO | D8: PAGADA | E8: 550 | F8: OPEN GYM | H8: 0 | I8: 0 | J8: ❌ | K8: ✅ | L8: ❌ | M8: NINGUNA | N8: NINGUNA | O8: ❌
B9: CYNTHIA JUÁREZ PEREZ | C9: 20 FEBRERO | D9: PAGADA | E9: 995 | F9: PLAN OC | G9: 20 MARZO | H9: 995 | I9: PENDIENTE | J9: ✅ | K9: ✅ | L9: ✅ | M9: TODAS | N9: UNA | O9: ❌
B10: MIGUEL MARROQUÍN | C10: 23 FEBRERO | D10: PAGADA | E10: 995 | F10: PLAN OC | G10: 23 MARZO | H10: 995 | I10: 995 | J10: ✅ | K10: ✅ | L10: ✅ | M10: TODAS | N10: UNA | O10: ❌
B11: IRMA GARCÍA | C11: 23 ENERO | D11: Debe $500 | E11: X | F11: SEMESTRE | G11: 23 JULIO | H11: 3500 | I11: 0 | J11: ✅ | K11: ✅ | L11: ✅ | M11: TODAS | N11: UNA | O11: ❌
B12: FERNANDA ALVA | C12: 17 FEBRERO | D12: PAGADA | E12: 995 | F12: PLAN OC | G12: 17 MARZO | H12: 0 | I12: 995 | J12: ✅ | K12: ✅ | L12: ✅ | M12: TODAS | N12: UNA | O12: ❌
B13: REBECA MELÉNDEZ | C13: 04 FEBRERO | D13: 500 | E13: 750 | F13: OPEN GYM | G13: 04 MARZO | H13: 0 | I13: 750 | J13: ❌ | K13: ✅ | L13: ❌ | M13: NINGUNA | N13: NINGUNA | O13: ❌
B14: GUADALUPE | C14: 04 FEBRERO | D14: 500 | E14: 2400 | F14: PAREJAS | G14: 04 MARZO | H14: 0 | I14: 1200 | J14: ✅ | K14: ✅ | L14: ✅ | M14: TODAS | N14: UNA | O14: ❌
B15: LAURA | C15: 09 FEBRERO | D15: 500 | E15: 0 | F15: PAREJAS | G15: 09 ABRIL | H15: 0 | I15: 1200
B16: ALEJANDRA CUELLAR | C16: 06 FEBREERO | D16: PAGADA | E16: 900 | F16: PAREJAS | G16: 06 ABRIL | H16: 0 | I16: 900 | J16: ✅ | K16: ✅ | L16: ✅ | M16: TODAS | N16: TODAS | O16: INBODY
B17: RODRIGO ALEJO PÉREZ | C17: 18 FEBRERO | D17: 300 | E17: 1200 | F17: POWERLIFTING | G17: 18 ABRIL | H17: 0 | I17: 1200 | J17: ❌ | K17: ✅ | L17: ❌ | M17: NINGUNA | N17: NINGUNA | O17: ❌
E18: 0 | F18: PAREJAS | H18: 0 | I18: 0
B19: SAUL JUAREZ | C19: 09 FEBRERO | D19: 250 | E19: 600 | F19: ESTUDIANTE VIP | G19: 09 MARZO | H19: 0 | I19: 600 | J19: ✅ | K19: ✅ | L19: ✅ | M19: TODAS | N19: TODAS | O19: INBODY
B20: MARTÍN JUÁREZ | C20: 10 FEBRERO | D20: 500 | E20: 1200 | F20: PAREJAS | G20: 09 ABRIL | I20: 1200 | J20: ✅ | K20: ✅ | L20: ✅ | M20: TODAS | N20: TODAS | O20: INBODY
B21: CLAUDIA NAVARRETE | C21: 11 FEBRERO | D21: 0 | E21: 250 | F21: SEMANAL | G21: 18 FEBRERO | I21: 250 | J21: ✅ | K21: ✅ | L21: ✅ | M21: TODAS | N21: TODAS | O21: INBODY
B22: MIGUEL MEJÍA ROJO | C22: 14 FEBRERO | D22: 750 | E22: 1200 | F22: PAREJAS | G22: 14 ABRIL | I22: 1200 | J22: ✅ | K22: ✅ | L22: ✅ | M22: TODAS | N22: TODAS | O22: INBODY
B23: ANTONIO DE OLMOS | C23: 16 FEBRERO | D23: 500 | E23: 995 | F23: PLAN OC | G23: 16 MARZO | I23: 995 | J23: ✅ | K23: ✅ | L23: ✅ | M23: TODAS | N23: TODAS | O23: INBODY
B24: CRISTINA CRUZ HERNÁNDEZ | C24: 20 FEBRERO | D24: 750 | E24: 1200 | F24: ALL CLUB | G24: 20 MARZO | I24: 1200
B25: DEREK ROJAS ROSAS | C25: 23 FEBRERO | D25: 500 | E25: 1200 | F25: PAREJAS | G25: 23 ABRIL | I25: 1200
B26: LUIS ROJAS RANGEL | C26: 23 FEBRERO | D26: 500 | E26: 1200 | F26: PAREJAS | G26: 23 ABRIL | I26: 1200
B27: TOTAL | E27: {=SUM(E4:E26)} -> 18570 | H27: {=H4+H5+H6+H7+H8+H9+H10+H11+H12+H13+H14} -> 11930 | I27: {=SUM($I$4:$I$26)} -> 15085
B28: INACTIVOS
D29: 0 | E29: 0 | F29: PLAN OC
B30: MENSUAL | D30: {=SUM(D4:D29)} -> 5550 | H30: 22062.76 | I30: {=D30+I27+I36+I51} -> 28167.74
B31: TOTAL NETO | E31: {='ENERO 2026'!O65+I30} -> 105401.94
B32: WELLHUB | C32: WELLHUB. WELLHUB. WELLHUB. WELLHUB. WELLHUB. WELLHUB. WELLHUB. WELLHUB
B33: APRIL | D33: POR CHECK IN | E33: 171.82 | H33: 515.46 | I33: {=E33*T55} -> 171.82 | N33: WELLHUB
B34: TOÑITO OSNAYA | D34: POR CHECK IN | E34: 171.82 | H34: 1890.02 | I34: 1890 | M34: TODAS | N34: WELLHUB
B35: URIEL CARDIEL | D35: POR CHECK IN | E35: 171.82 | H35: 1890.02 | I35: {=E35*T69} -> 1030.92 | N35: WELLHUB
B36: TOTAL WELLHUB | H36: 4295.5 | I36: {=I33+I34+I35} -> 3092.74 | N36: WELLHUB
B37: POR CLASE | C37: POR CLASE | M37: TODAS | N37: $ POR CLASE
B38: VALERIA MENA | C38: 19 ENERO | D38: PAGADA | E38: 50 | F38: SEMANAL | G38: 02 FEBRERO | H38: 500 | I38: 0 | M38: UNA | N38: $ POR CLASE
B39: ANGELINA HERNÁNDEZ GARCIA | D39: PAGADA | E39: 75 | F39: POR CLASE | H39: 675 | I39: {=E39*T86} -> 1200 | M39: UNA | N39: $ POR CLASE
B40: CYNTHIA JUÁREZ PEREZ | C40: 23 FEBRERO | D40: PAGADA | E40: 75 | F40: POR CLASE | H40: 0 | I40: {=E40*U62} -> 150
B41: VERO JUÁREZ | C41: 21 ENERO | D41: PAGADA | E41: 75 | F41: POR CLASE | H41: 450 | I41: {=E41*T87} -> 825
B42: ALEJANDRA CUELLAR | C42: 15 ENERO | D42: PAGADA | E42: 75 | F42: POR CLASE | H42: 0 | I42: 150 | M42: UNA | N42: $ POR CLASE
B43: GONZALO CUÉLLAR | C43: 20 FEBRERO | D43: PAGADA | E43: 75 | F43: POR CLASE | H43: 0 | I43: {=T78*E43} -> 150
B44: ARYA CUELLAR | C44: 11 ENERO | D44: PAGADA | E44: 75 | F44: POR CLASE | H44: 375 | I44: {=E44*T79} -> 375
B45: PATRICIO CUELLAR | C45: 11 ENERO | D45: PAGADA | E45: 75 | F45: POR CLASE | H45: 300 | I45: {=E45*T80} -> 375 | M45: UNA | N45: $ POR CLASE
B46: ZULEIKA DE ZENTENO | C46: 14 ENERO | D46: PAGADA | E46: 90 | F46: POR CLASE | G46: {=E46*DQ502} -> 270 | H46: 0 | I46: 75 | M46: UNA | N46: $ POR CLASE
B47: DANIEL ALBERTANO. ZENTENO | C47: 14 ENERO | D47: PAGADA | E47: 90 | F47: POR CLASE | H47: 0 | I47: {=E47*T82} -> 0 | M47: UNA | N47: $ POR CLASE
B48: NICOLE ZENTENO | C48: 14 ENERO | D48: PAGADA | E48: 90 | F48: POR CLASE | H48: 0 | I48: {=E48*T83} -> 270 | M48: UNA | N48: $ POR CLASE
B49: CARLOS ERNESTO | C49: 14 ENERO | D49: Debe membresía | E49: 75 | F49: POR CLASE | H49: 300 | I49: {=E49*T84} -> 450 | M49: UNA | N49: $ POR CLASE
B50: MARÍA NAVARRO LARA | C50: 30 ENERO | D50: PAGADA | E50: 75 | F50: POR CLASE | H50: 0 | I50: {=E50*T85} -> 150
B51: TOTAL CLASES | G51: {=G46+I48} -> 540 | H51: 2475 | I51: {=SUM(I38:I50)+G46} -> 4440
P53: NÚMERO | Q53: #Membresia | R53: X | S53: ENERO | T53: FEBRERO | U53: VISITAS | V53: APROVECHAMIENTO x clase | W53: APROVECHAMIENTO en %
P54: 1 | Q54: 00 | R54: RODRIGO ALVA | S54: X | T54: {=AO143+BI229+CC315+CW401} -> 5 | U54: {=AQ143+BK229+CE315+CY401} -> 0 | V54: {=E7/T54} -> 199 | W54: {=V54/995} -> 0.2
P55: 2 | Q55: 01 | R55: APRIL | S55: X | T55: {=AO151+BI237+CC323+CW409} -> 1 | U55: {=AQ151+BK237+CE323+CY409} -> 0
P56: 3 | Q56: 03 | R56: ALEJANDRA CUELLAR | S56: X | T56: {=AO155+BI242+CC327+CW414} -> 15 | U56: {=AQ155+BK242+CE327+CY414} -> 0 | V56: {=450/T56} -> 30
P57: 4 | Q57: 04 | R57: TOÑITO OSNAYA | S57: X | T57: {=AO152+BI238+CC324+CW410} -> 17 | U57: {=AQ152+BK238+CE324+CY410} -> 0 | V57: {=I34/T57} -> 111.17647
P58: 5 | Q58: 06 | R58: VALERIA MENA | S58: X | T58: {=AO154+BI240+CC326+CW412} -> 7 | U58: {=AQ154+BK240+CE326+CY412} -> 0
P59: 6 | Q59: 07 | R59: LIRIA VILLEGAS | S59: X | T59: {=AO140+BI226+CC312+CW398} -> 17 | U59: {=AQ140+BK226+CE312+CY398} -> 0 | V59: {=750/T59} -> 44.117647
P60: 7 | Q60: 08 | R60: ARLETTE ROMÁN | S60: X | T60: {=AO141+BI227+CC313+CW399} -> 0 | U60: {=AQ141+BK227+CE313+CY399} -> 0
P61: 8 | Q61: 09 | R61: NORMA EDIT | S61: X | T61: {=AO142+BI228+CC314+CW400} -> 2 | U61: {=AQ142+BK228+CE314+CY400} -> 0
P62: 9 | Q62: 10 | R62: CYNTHIA JUÁREZ PEREZ | S62: X | T62: 13 | U62: {=CQ403+CT403} -> 2 | V62: {=E9/T62} -> 76.538462
P63: 10 | Q63: 11 | R63: MIGUEL MARROQUÍN | S63: X | T63: {=AO148+BI234+CC320+CW406} -> 9 | U63: {=AQ148+BK234+CE320+CY406} -> 0 | V63: {=E10/T63} -> 110.55556
P64: 11 | Q64: 12 | R64: MARTÍN JUÁREZ | S64: X | T64: {=AO171+BI257+CC343+CW429} -> 10 | U64: {=AQ171+BK257+CE343+CY429+DS514} -> 0 | V64: {=600/T64} -> 60
P65: 12 | Q65: 13 | R65: SAÚL JUÁREZ | S65: X | T65: {=AO170+BI256+CC342+CW428} -> 11 | U65: {=AQ170+BK256+CE342+CY428+DS513} -> 0 | V65: {=E19/T65} -> 54.545455
P66: 13 | Q66: 14 | R66: LAURA | S66: X | T66: {=AO167+BI253+CC339+CW425} -> 3 | U66: {=AQ167+BK253+CE339+CY425+DS510} -> 0 | V66: {=600/T66} -> 200
P67: 14 | Q67: 15 | R67: GUADALUPE | S67: X | T67: {=AO166+BI252+CC338+CW424} -> 6 | U67: {=AQ166+BK265+CE351+CY437} -> 0 | V67: {=600/T67} -> 100
P68: 15 | Q68: 16 | R68: IRMA GARCÍA | S68: X | T68: {=AO149+BI235+CC321+CW407} -> 13 | U68: {=AQ149+BK235+CE321+CY407} -> 0 | V68: {=583/T68} -> 44.846154
P69: 16 | Q69: 17 | R69: URIEL CARDIEL | S69: X | T69: {=AO153+BI239+CC325+CW411} -> 6 | U69: {=AQ153+BK239+CE325+CY411} -> 0 | V69: {=I35/T69} -> 171.82
P70: 17 | Q70: 18 | R70: FERNANDA ALVA | S70: X | T70: {=AO150+BI236+CC322+CW408} -> 2 | U70: {=AQ150+BK236+CE322+CY408} -> 0 | V70: {=I12/T70} -> 497.5
P71: 18 | Q71: 19 | R71: REBECA MELÉNDEZ | S71: X | T71: {=AO165+BI251+CC337+CW423} -> 2 | U71: {=AQ165+BK264+CE350+CY436} -> 0 | V71: {=E13/T71} -> 375
P72: 19 | Q72: 20 | R72: MIGUEL MEJÍA ROJO | S72: X | T72: {=AO173+BI259+CC345+CW431} -> 8 | U72: {=AQ173+BK259+CE345+CY431+DS516} -> 0 | V72: {=600/T72} -> 75
P73: 20 | Q73: 21 | R73: ANTONIO DE OLMOS | S73: X | T73: {=AO174+BI260+CC346+CW432} -> 8 | U73: {=AQ174+BK260+CE346+CY432+DS517} -> 0 | V73: {=I23/T73} -> 124.375
P74: 21 | Q74: 22 | R74: RODRIGO ALEJO PÉREZ | S74: X | T74: {=AO168+BI254+CC340+CW426} -> 8 | U74: {=AQ168+BK254+CE340+CY426+DS511} -> 0 | V74: {=600/T74} -> 75
P75: 22 | Q75: 23 | R75: CRISTINA CRUZ HERNÁNDEZ | S75: X | T75: {=AO175+BI261+CC347+CW433+DQ518} -> 3 | U75: {=AQ175+BK261+CE347+CY433+DS518} -> 0 | V75: {=I24/T75} -> 400
P76: 23 | Q76: 24 | R76: ELENA | S76: X | T76: {=AO164+BI250+CC336+CW413} -> 14 | U76: {=AQ164+BK250+CE336+CY413} -> 0
P77: 24 | Q77: 25 | R77: CLAUDIA NAVARRETE | S77: X | T77: {=AO172+BI258+CC344+CW430} -> 3 | U77: {=AQ172+BK258+CE344+CY430+DS515} -> 0 | V77: {=I21/T77} -> 83.333333
P78: 25 | Q78: 26 | R78: GONZALO CUÉLLAR | S78: X | T78: {=AO156+BI241+CC328+CW415+DQ499} -> 2 | U78: {=AQ156+BK241+CE328+CY415+DS499} -> 0
P79: 26 | Q79: 27 | R79: ARYA CUELLAR | S79: X | T79: {=AO157+BI243+CC329+CW416} -> 5 | U79: {=AQ157+BK243+CE329+CY416} -> 0
P80: 27 | Q80: 28 | R80: PATRICIO CUELLAR | S80: X | T80: {=AO158+BI244+CC330+CW417} -> 5 | U80: {=AQ158+BK244+CE330+CY417} -> 0
P81: 28 | Q81: 29 | R81: ZULEIKA DE ZENTENO | S81: X | T81: {=AO159+BI245+CC331+CW418} -> 4 | U81: {=AQ159+BK245+CE331+CY418} -> 0
P82: 29 | Q82: 30 | R82: DANIEL ALBERTANO. ZENTENO | S82: X | T82: {=AO160+BI246+CC332+CW419} -> 0 | U82: {=AQ160+BK246+CE332+CY419} -> 0
P83: 30 | Q83: 31 | R83: NICOLE ZENTENO | S83: X | T83: {=AO161+BI247+CC333+CW420} -> 3 | U83: {=AQ161+BK247+CE333+CY420} -> 0
P84: 31 | Q84: 32 | R84: CARLOS ERNESTO | S84: X | T84: {=AO162+BI248+CC334+CW421} -> 6 | U84: {=AQ162+BK248+CE334+CY421} -> 0
P85: 32 | Q85: 33 | R85: MARÍA NAVARRO LARA | S85: X | T85: {=AO163+BI249+CC335+CW422} -> 2 | U85: {=AQ163+BK249+CE335+CY422} -> 0
P86: 33 | Q86: 34 | R86: ANGELINA HERNÁNDEZ GARCIA | S86: X | T86: {=AO146+BI232+CC318+CW404} -> 16 | U86: {=AQ146+BK232+CE318+CY404} -> 0
P87: 34 | Q87: 35 | R87: VERO JUÁREZ | S87: X | T87: {=AO147+BI233+CC319+CW405} -> 11 | U87: {=AQ147+BK233+CE319+CY405} -> 0
P88: 35 | Q88: 36 | R88: OSVALDO | S88: X | T88: {=AO144+BI230+CC316+CW402} -> 6 | U88: {=AQ144+BK230+CE316+CY402} -> 0
P89: 36 | Q89: 37 | R89: DEREK ROJAS ROSAS | S89: X | T89: {=AO176+BI262+CC348+CW434+DQ519} -> 3 | U89: {=AQ176+BK262+CE348+CY434+DS519} -> 0
P90: 37 | Q90: 38 | R90: LUIS ROJAS RANGEL | S90: X | T90: {=AO177+BI263+CC349+CW435+DQ520} -> 0 | U90: {=AQ177+BK263+CE349+CY435+DS520} -> 0
P91: 38 | Q91: 39 | R91: TOLEDO | S91: X | T91: {=AO169+BI255+CC341+CW427+DQ512} -> 1 | U91: {=AQ178+BK264+CE350+CY436+DS521} -> 0
R92: INVITADOS | S92: X | T92: {=AO178+BI264+CC350+CW436} -> 20 | U92: {=AQ178+BK264+CE350+CY436+DS521} -> 0
R93: TOTAL | S93: 160 | T93: {=SUM(T54:T92)} -> 267 | U93: {=SUM(U54:U92)} -> 2 | V93: {=SUM(V54:V92)} -> 2832.8081 | W93: {=SUM(W54:W92)} -> 0.2
X95: CLASES PAGADAS/NO PAGADAS DE COACHES SEMANA 1
Y96: LUNES 02 | Z96: MARTES 03 | AA96: MIÉRCOLES 04 | AB96: JUEVES. 05 | AC96: VIERNES.06 | AD96: SABADO. 07 | AE96: CLASES no PAGADAS | AF96: CLASES PENDIENTES | AG96: CLASES DEMO
X97: LIRIA VILLEGAS
X98: ARLETTE ROMÁN
X99: NORMA EDIT
X100: RODRIGO ALVA
X101: OSVALDO
X102: CYNTHIA JUÁREZ PEREZ
X103: MIGUEL MARROQUÍN
...

Sheet MARZO 2026
B2: OCCALISTHENICSMX
B3: NOMBRE | C3: DÍA DE PAGO | D3: MEMBRESIA | E3: COSTO PLAN | F3: TIPO DE PLAN | G3: FINALIZA PLAN | H3: ENERO | I3: FEBRERO | J3: MARZO | K3: SAUNA | L3: OPEN GYM | M3: VISITAS | N3: CLASES | O3: CLASES POR DIA | P3: NUTRICIÓN
B4: LIRIA VILLEGAS | C4: 19 ENERO | D4: PAGADA | E4: X | F4: SEMESTRE | G4: 19 JULIO | H4: 4500 | I4: 0 | J4: 0 | K4: ✅ | L4: ✅ | M4: ✅ | N4: TODAS | O4: UNA | P4: ❌
B5: ARLETTE ROMÁN | C5: 3 NOVIEMBRE | D5: PAGADA | E5: 945 | F5: PLAN OC | H5: 945 | I5: 0 | J5: 0 | K5: ✅ | L5: ✅ | M5: ✅ | N5: TODAS | O5: UNA | P5: ❌
B6: EDIT | C6: 18 NOVIEMBRE | D6: Debe $300 | E6: X | F6: 12 CLASES | H6: 0 | I6: 0 | J6: 0 | K6: ❌ | L6: ✅ | M6: ❌ | N6: UNA | O6: UNA | P6: ❌
B7: OSVALDO | C7: 22 FEBRERO | D7: PAGADA | E7: 550 | F7: OPEN GYM | H7: 0 | I7: 0 | J7: 0 | K7: ❌ | L7: ✅ | M7: ❌ | N7: NINGUNA | O7: NINGUNA | P7: ❌
B8: MIGUEL MARROQUÍN | C8: 23 FEBRERO | D8: PAGADA | E8: 995 | F8: CALISTHENICS | G8: 23 MARZO | H8: 995 | I8: 995 | J8: 0 | K8: ✅ | L8: ✅ | M8: ✅ | N8: TODAS | O8: UNA | P8: ❌
B9: IRMA GARCÍA | C9: 23 ENERO | D9: Debe $500 | E9: X | F9: SEMESTRE | G9: 23 JULIO | H9: 3500 | I9: 0 | J9: 0 | K9: ✅ | L9: ✅ | M9: ✅ | N9: TODAS | O9: UNA | P9: ❌
B10: FERNANDA ALVA | C10: 17 FEBRERO | D10: PAGADA | E10: 995 | F10: PLAN OC | G10: 17 MARZO | H10: 0 | I10: 995 | J10: 0 | K10: ✅ | L10: ✅ | M10: ✅ | N10: TODAS | O10: UNA | P10: ❌
B11: REBECA MELÉNDEZ | C11: 04 FEBRERO | D11: PAGADA | E11: 750 | F11: OPEN GYM | G11: 04 MARZO | H11: 0 | I11: 750 | J11: 0 | K11: ❌ | L11: ✅ | M11: ❌ | N11: NINGUNA | O11: NINGUNA | P11: ❌
B12: GUADALUPE | C12: 04 FEBRERO | D12: PAGADA | E12: 995 | F12: PAREJAS | G12: 04 MARZO | H12: 0 | I12: 1200 | J12: 0 | K12: ✅ | L12: ✅ | M12: ✅ | N12: ILIMITADAS | O12: UNA | P12: ❌
B13: LAURA | C13: 09 FEBRERO | D13: PAGADA | E13: 995 | F13: PAREJAS | G13: 09 ABRIL | H13: 0 | I13: 1200 | J13: 0 | K13: ✅ | L13: ✅ | M13: ✅ | N13: ILIMITADAS | O13: UNA | P13: ❌
B14: ALEJANDRA CUELLAR | C14: 06 FEBREERO | D14: PAGADA | E14: 450 | F14: PAREJAS | G14: 06 ABRIL | H14: 0 | I14: 900 | J14: 0 | K14: ✅ | L14: ✅ | M14: ✅ | N14: ILIMITADAS | O14: TODAS | P14: INBODY
B15: RODRIGO ALEJO PÉREZ | C15: 18 FEBRERO | D15: PAGADA | E15: 1200 | F15: POWERLIFTING | G15: 18 ABRIL | H15: 0 | I15: 1200 | J15: 0 | K15: ❌ | L15: ✅ | M15: ❌ | N15: NINGUNA | O15: NINGUNA | P15: ❌
B16: FELISA HERRADA MARTÍNEZ | C16: 03 MARZO | D16: 750 | E16: 850 | F16: CALISTHENICS | G16: 03 ABRIL | H16: 0 | I16: 0 | J16: 850 | K16: ❌ | L16: ✅ | M16: ❌ | N16: NINGUNA | O16: NINGUNA | P16: ❌
B17: SAUL JUAREZ | C17: 09 FEBRERO | D17: PAGADA | E17: 600 | F17: POWERLIFTING | G17: 09 MARZO | H17: 0 | I17: 600 | J17: 600 | K17: ✅ | L17: ✅ | M17: ✅ | N17: ILIMITADAS | O17: ILIMITADAS | P17: INBODY
B18: MARTÍN JUÁREZ | C18: 10 FEBRERO | D18: PAGADA | E18: 1200 | F18: POWERLIFTING | G18: 09 ABRIL | H18: 0 | I18: 1200 | J18: 0 | K18: ✅ | L18: ✅ | M18: ✅ | N18: ILIMITADAS | O18: ILIMITADAS | P18: INBODY
B19: CLAUDIA NAVARRETE | C19: 11 FEBRERO | D19: PAGADA | E19: 250 | F19: SEMANAL | G19: 18 FEBRERO | H19: 0 | I19: 250 | J19: 0 | K19: ✅ | L19: ✅ | M19: ✅ | N19: ILIMITADAS | O19: ILIMITADAS | P19: INBODY
B20: MIGUEL MEJÍA ROJO | C20: 14 FEBRERO | D20: PAGADA | E20: 1200 | F20: POWERLIFTING | G20: 14 ABRIL | H20: 0 | I20: 1200 | J20: 0 | K20: ✅ | L20: ✅ | M20: ✅ | N20: ILIMITADAS | O20: ILIMITADAS | P20: INBODY
B21: ANTONIO DE OLMOS | C21: 16 FEBRERO | D21: PAGADA | E21: 995 | F21: PLAN OC | G21: 16 MARZO | H21: 0 | I21: 995 | J21: 995 | K21: ✅ | L21: ✅ | M21: ✅ | N21: ILIMITADAS | O21: ILIMITADAS | P21: INBODY
B22: CRISTINA CRUZ HERNÁNDEZ | C22: 20 FEBRERO | D22: PAGADA | E22: 1200 | F22: ALL CLUB | G22: 20 MARZO | H22: 0 | I22: 1200 | J22: 0 | K22: ✅ | L22: ✅ | M22: ✅ | N22: ILIMITADAS | O22: ILIMITADAS | P22: INBODY
B23: DEREK ROJAS ROSAS | C23: 23 FEBRERO | D23: PAGADA | E23: 1200 | F23: PAREJAS | G23: 23 ABRIL | H23: 0 | I23: 1200 | J23: 0 | K23: ✅ | L23: ✅ | M23: ✅ | N23: ILIMITADAS | O23: ILIMITADAS | P23: INBODY
B24: LUIS ROJAS RANGEL | C24: 23 FEBRERO | D24: PAGADA | E24: 1200 | F24: PAREJAS | G24: 23 ABRIL | H24: 0 | I24: 1200 | J24: 0 | K24: ✅ | L24: ✅ | M24: ✅ | N24: ILIMITADAS | O24: ILIMITADAS | P24: INBODY
B25: XIMENA AÑORVE FLORES | C25: 02 MARZO | D25: 300 | E25: 1200 | F25: ALL CLUB | G25: 02 ABRIL | H25: 0 | I25: 0 | J25: 1200 | K25: ✅ | L25: ✅ | M25: ✅ | N25: ILIMITADAS | O25: ILIMITADAS | P25: INBODY
B26: LUIS ERNESTO MARTÍNEZ VELAZCO | C26: 18 MARZO | D26: 800 | E26: 1200 | F26: ALL CLUB | G26: 18 ABRIL | H26: 0 | I26: 0 | J26: 1200 | K26: ✅ | L26: ✅ | M26: ✅ | N26: ILIMITADAS | O26: ILIMITADAS | P26: INBODY
B27: ZEUS YAEL NEVÁREZ OLIVARES | C27: 18 MARZO | D27: 800 | E27: 1200 | F27: ALL CLUB | G27: 18 ABRIL | H27: 0 | I27: 0 | J27: 1200 | K27: ✅ | L27: ✅ | M27: ✅ | N27: ILIMITADAS | O27: ILIMITADAS | P27: INBODY
B28: DIEGO MORENO HERNÁNDEZ | C28: 09 MARZO | D28: 750 | E28: 1200 | F28: ALL CLUB | G28: 09 ABRIL | H28: 0 | I28: 0 | J28: 1200 | K28: ✅ | L28: ✅ | M28: ✅ | N28: ILIMITADAS | O28: ILIMITADAS | P28: INBODY
B29: CARLOS SÁNCHEZ LARA | C29: 09 MARZO | D29: 300 | E29: 1200 | F29: POWERLIFTING | G29: 09 ABRIL | H29: 0 | I29: 0 | J29: 600 | K29: ✅ | L29: ✅ | M29: ✅ | N29: ILIMITADAS | O29: ILIMITADAS | P29: INBODY
B30: DANIEL VÁZQUEZ CEDILLO | C30: 10 MARZO | D30: 300 | E30: 1350 | F30: ALL CLUB | G30: 10 ABRIL | H30: 0 | I30: 0 | J30: 1350 | K30: ✅ | L30: ✅ | M30: ✅ | N30: ILIMITADAS | O30: ILIMITADAS | P30: INBODY
B31: JONATHAN PALETA TULA | C31: 16 MARZO | D31: 300 | E31: 1350 | F31: ALL CLUB | G31: 16 ABRIL | H31: 0 | I31: 0 | J31: 1350 | K31: ✅ | L31: ✅ | M31: ✅ | N31: ILIMITADAS | O31: ILIMITADAS | P31: INBODY
B32: CYNTHIA JUÁREZ PEREZ | C32: 23 MARZO | D32: PAGADA | E32: 995 | F32: PLAN OC | G32: 23 ABRIL | H32: 995 | I32: 0 | J32: 995 | K32: ✅ | L32: ✅ | M32: ✅ | N32: CLASE | O32: UNA | P32: ❌
B33: IVÁN CAMARENA | C33: 30 MARZO | D33: 300 | E33: 1550 | F33: ALL CLUB | G33: 30 ABRIL | H33: 0 | I33: 0 | J33: 1550 | K33: ✅ | L33: ✅ | M33: ✅ | N33: ILIMITADAS | O33: ILIMITADAS | P33: INBODY
B34: MEJIA VILLALOBOS ARTURO | C34: 31 MARZO | D34: 500 | E34: 1350 | F34: ALL CLUB | G34: 01 ABRIL | J34: 1350 | K34: ✅ | L34: ✅ | M34: ✅ | N34: ILIMITADAS | O34: ILIMITADAS | P34: INBODY
B35: MEJÍA DÍAZ OMAR | C35: 31 MARZO | D35: 500 | E35: 1350 | F35: ALL CLUB | G35: 01 ABRIL | J35: 1350 | K35: ✅ | L35: ✅ | M35: ✅ | N35: ILIMITADAS | O35: ILIMITADAS | P35: INBODY
B36: TOTAL | E36: {=SUM(E4:E35)} -> 30515 | H36: 11930 | I36: {=SUM($I$4:$I$24)} -> 15085 | J36: {=SUM(J4:J35)} -> 15790
B37: MENSUAL | D37: {=D25+D26+D27+D16+D28+D29+D30+D31+D33+D35+D34} -> 5600 | H37: 21387.76 | I37: 28167.74 | J37: {=J36+D37+J43+J61} -> 32682.78
B38: TOTAL NETO | E38: {='FEBRERO 2026'!E31+J37} -> 138084.72
B39: WELLHUB | C39: WELLHUB. WELLHUB. WELLHUB. WELLHUB. WELLHUB. WELLHUB. WELLHUB. WELLHUB
B40: APRIL | D40: POR CHECK IN | E40: 171.82 | H40: 1202.74 | I40: {=E40*V70} -> 171.82 | J40: {=E40*W70} -> 1202.74 | O40: WELLHUB
B41: TOÑITO OSNAYA | D41: POR CHECK IN | E41: 171.82 | H41: 1890 | I41: 1890 | J41: 1890.02 | N41: TODAS | O41: WELLHUB
B42: URIEL CARDIEL | D42: POR CHECK IN | E42: 171.82 | H42: 1890.02 | I42: {=E42*V84} -> 1030.92 | J42: 1890.02 | O42: WELLHUB
B43: TOTAL WELLHUB | H43: 4982.76 | I43: 3092.74 | J43: {=J40+J41+J42} -> 4982.78 | O43: WELLHUB
B44: POR CLASE | C44: POR CLASE | N44: TODAS | O44: $ POR CLASE
B45: VALERIA MENA | C45: 11 MARZO | D45: PAGADA | E45: 75 | F45: SEMANAL | G45: 25 MARZO | H45: 500 | I45: 0 | J45: 500 | N45: UNA | O45: $ POR CLASE
B46: ANGELINA HERNÁNDEZ GARCIA | D46: PAGADA | E46: 75 | F46: POR CLASE | H46: 675 | I46: 1200 | J46: {=E46*W101} -> 225 | N46: UNA | O46: $ POR CLASE
B47: CYNTHIA JUÁREZ PEREZ | C47: 23 FEBRERO | D47: PAGADA | E47: 75 | F47: POR CLASE | H47: 0 | I47: 150 | J47: 675
B48: VERO JUÁREZ | C48: 21 ENERO | D48: PAGADA | E48: 75 | F48: POR CLASE | H48: 450 | I48: 825 | J48: {=E48*W102} -> 750
B49: GONZALO CUÉLLAR | C49: 20 FEBRERO | D49: PAGADA | E49: 75 | F49: POR CLASE | H49: 0 | I49: 150 | J49: {=E49*W93} -> 0
B50: ARYA CUELLAR | C50: 11 ENERO | D50: PAGADA | E50: 75 | F50: POR CLASE | H50: 375 | I50: 375 | J50: {=E50*W94} -> 300
B51: PATRICIO CUELLAR | C51: 11 ENERO | D51: PAGADA | E51: 75 | F51: POR CLASE | H51: 300 | I51: 375 | J51: {=E51*W95} -> 300 | N51: UNA | O51: $ POR CLASE
B52: ZULEIKA DE ZENTENO | C52: 14 ENERO | D52: PAGADA | E52: 90 | F52: POR CLASE | H52: 0 | I52: 270 | J52: 1080 | N52: UNA | O52: $ POR CLASE
B53: DANIEL ALBERTANO. ZENTENO | C53: 14 ENERO | D53: PAGADA | E53: 75 | F53: POR CLASE | H53: 0 | I53: 0 | J53: 1080 | N53: UNA | O53: $ POR CLASE
B54: NICOLE ZENTENO | C54: 14 ENERO | D54: PAGADA | E54: 90 | F54: POR CLASE | H54: 0 | I54: 270 | J54: 0 | N54: UNA | O54: $ POR CLASE
B55: CARLOS ERNESTO | C55: 18 MARZO | D55: Debe membresía | E55: 75 | F55: POR CLASE | G55: 18 ABRIL | H55: 300 | I55: 450 | J55: 600 | N55: UNA | O55: $ POR CLASE
B56: MARÍA NAVARRO LARA | C56: 30 ENERO | D56: PAGADA | E56: 75 | F56: POR CLASE | H56: 0 | I56: 150 | J56: {=E56*W100} -> 0
B57: ANA YOGA | D57: CLASE | E57: 250 | F57: CALISTENIA | H57: 0 | I57: 0 | J57: 250
B58: DANIEL ZÚÑIGA | C58: 12 MARZO | D58: VISITA | E58: 150 | F58: POWERLIFTING | H58: 0 | I58: 0 | J58: 150
B59: TADEITO | C59: 13 MARZO | D59: VISITA | E59: 150 | F59: POWERLIFTING | H59: 0 | I59: 0 | J59: 150
B60: FLOR | C60: 31 MARZO | D60: VISITA | E60: 250 | F60: CALISTENIA | J60: 250
B61: TOTAL CLASES | H61: 2975 | I61: 4440 | J61: {=SUM(J45:J60)} -> 6310
B62: INACTIVOS
B63: RODRIGO ALVA | C63: 24 FEBRERO | D63: PAGADA | E63: 995 | F63: PLAN OC | G63: 24 MARZO | H63: 995 | I63: 0 | J63: 0 | K63: ✅ | L63: ✅ | M63: ✅ | N63: TODAS | O63: UNA | P63: ❌
B64: ALEJANDRA CUELLAR | C64: 15 ENERO | D64: PAGADA | E64: 75 | F64: POR CLASE | H64: 0 | I64: 150 | N64: UNA | O64: $ POR CLASE
D66: 0 | E66: 0 | F66: PLAN OC
Q68: NÚMERO | R68: #Membresia | S68: USUARIO | T68: X | U68: ENERO | V68: FEBRERO | W68: MARZO | X68: VISITAS | Y68: APROVECHAMIENTO x clase | Z68: APROVECHAMIENTO en %
Q69: 1 | R69: 00 | S69: - | T69: RODRIGO ALVA | U69: X | V69: 5 | W69: {=AH126+BC232+BX338+CS444+DN549} -> 5 | X69: {=AJ126+BE232+BZ338+CU444} -> 0 | Z69: {=Y69/995} -> 0
Q70: 2 | R70: 01 | S70: - | T70: APRIL | U70: X | V70: 1 | W70: {=AH123+BC229+BX335+CS441+DN546} -> 7 | X70: {=AJ123+BE229+BZ335+CU441+DP546} -> 0 | Y70: 171.82
Q71: 3 | R71: 03 | S71: GAL03 | T71: ALEJANDRA CUELLAR | U71: X | V71: 15 | W71: {=AH124+BC230+BX336+CS442+DN547} -> 11 | X71: {=AJ124+BE230+BZ336+CU442+DP547} -> 0 | Y71: {=450/W71} -> 40.909091
Q72: 4 | R72: 04 | S72: GOA04 | T72: TOÑITO OSNAYA | U72: X | V72: 17 | W72: {=AH125+BC231+BX337+CS443+DN548} -> 17 | X72: {=AJ125+BE231+BZ337+CU443+DP548} -> 0 | Y72: 171.82
Q73: 5 | R73: 06 | S73: MV06 | T73: VALERIA MENA | U73: X | V73: 7 | W73: {=AH126+BC232+BX338+CS444+DN549} -> 5 | X73: {=AJ126+BE232+BZ338+CU444+DP549} -> 0
Q74: 6 | R74: 07 | S74: VL07 | T74: LIRIA VILLEGAS | U74: X | V74: 17 | W74: {=AH127+BC233+BX339+CS445+DN550} -> 12 | X74: {=AJ127+BE233+BZ339+CU445+DP550} -> 0 | Y74: {=750/W74} -> 62.5
Q75: 7 | R75: 08 | T75: ARLETTE ROMÁN | U75: X | V75: 0 | W75: {=AH128+BC234+BX340+CS446+DN551} -> 0 | X75: {=AJ128+BE234+BZ340+CU446+DP551} -> 0
Q76: 8 | R76: 09 | T76: NORMA EDIT | U76: X | V76: 2 | W76: {=AH129+BC235+BX341+CS447+DN552} -> 0 | X76: {=AJ129+BE235+BZ341+CU447+DP552} -> 0
Q77: 9 | R77: 10 | T77: CYNTHIA JUÁREZ PEREZ | U77: X | V77: 15 | W77: {=AH130+BC236+BX342+CS448+DN553} -> 14 | X77: {=AJ130+BE236+BZ342+CU448+DP553} -> 0 | Y77: 75
Q78: 10 | R78: 11 | S78: MM11 | T78: MIGUEL MARROQUÍN | U78: X | V78: 9 | W78: {=AH131+BC237+BX343+CS449+DN554} -> 6 | X78: {=AJ131+BE237+BZ343+CU449+DP554} -> 0 | Y78: {=E8/W78} -> 165.83333
Q79: 11 | R79: 12 | S79: MJT12 | T79: MARTÍN JUÁREZ | U79: X | V79: 10 | W79: {=AH132+BC238+BX344+CS450+DN555} -> 15 | X79: {=AJ132+BE238+BZ344+CU450+DP555} -> 0 | Y79: {=600/W79} -> 40
Q80: 12 | R80: 13 | S80: LJS13 | T80: SAÚL LÓPEZ JUÁREZ | U80: X | V80: 11 | W80: {=AH133+BC239+BX345+CS451+DN556} -> 10 | X80: {=AJ133+BE239+BZ345+CU451+DP556} -> 0 | Y80: {=E17/W80} -> 60
Q81: 13 | R81: 14 | S81: RRL14 | T81: LAURA RUIZ ROSA | U81: X | V81: 3 | W81: {=AH134+BC240+BX346+CS452+DN557} -> 0 | X81: {=AJ134+BE240+BZ346+CU452+DP557} -> 0 | Y81: {=600/W81}
Q82: 14 | R82: 15 | S82: RCG15 | T82: GUADALUPE ROSA CISNEROS | U82: X | V82: 6 | W82: {=AH135+BC241+BX347+CS453+DN558} -> 0 | X82: {=AJ135+BE241+BZ347+CU453+DP558} -> 0 | Y82: {=600/W82}
Q83: 15 | R83: 16 | S83: GI16 | T83: IRMA GARCÍA | U83: X | V83: 13 | W83: {=AH136+BC242+BX348+CS454+DN559} -> 9 | X83: {=AJ136+BE242+BZ348+CU454+DP559} -> 0 | Y83: {=583/W83} -> 64.777778
Q84: 16 | R84: 17 | S84: UCA17 | T84: URIEL CARDIEL | U84: X | V84: 6 | W84: {=AH137+BC243+BX349+CS455+DN560} -> 13 | X84: {=AJ137+BE243+BZ349+CU455+DP560} -> 0 | Y84: 171.82
Q85: 17 | R85: 18 | S85: AF18 | T85: FERNANDA ALVA | U85: X | V85: 2 | W85: {=AH138+BC244+BX350+CS456+DN561} -> 0 | X85: {=AJ138+BE244+BZ350+CU456+DP561} -> 0 | Y85: {=I10/W85}
Q86: 18 | R86: 19 | S86: MR19 | T86: REBECA MELÉNDEZ | U86: X | V86: 2 | W86: {=AH139+BC245+BX351+CS457+DN562} -> 0 | X86: {=AJ139+BE245+BZ351+CU457+DP562} -> 0 | Y86: {=E11/W86}
Q87: 19 | R87: 20 | S87: MMR20 | T87: MIGUEL MEJÍA ROJO | U87: X | V87: 8 | W87: {=AH140+BC246+BX352+CS458+DN563} -> 12 | X87: {=AJ140+BE246+BZ352+CU458+DP563} -> 0 | Y87: {=600/W87} -> 50
Q88: 20 | R88: 21 | S88: ODA21 | T88: ANTONIO DE OLMOS | U88: X | V88: 8 | W88: {=AH141+BC247+BX353+CS459+DN564} -> 16 | X88: {=AJ141+BE247+BZ353+CU459+DP564} -> 2 | Y88: {=I21/W88} -> 62.1875
Q89: 21 | R89: 22 | S89: RAP22 | T89: RODRIGO ALEJO PÉREZ | U89: X | V89: 8 | W89: {=AH142+BC248+BX354+CS460+DN565} -> 17 | X89: {=AJ142+BE248+BZ354+CU460+DP565} -> 0 | Y89: {=600/W89} -> 35.294118
Q90: 22 | R90: 23 | S90: CHC23 | T90: CRISTINA CRUZ HERNÁNDEZ | U90: X | V90: 3 | W90: {=AH143+BC249+BX355+CS461+DN566} -> 0 | X90: {=AJ143+BE249+BZ355+CU461+DP566} -> 0 | Y90: {=I22/W90}
Q91: 23 | R91: 24 | S91: TGE24 | T91: ELENA | U91: X | V91: 14 | W91: {=AH144+BC250+BX356+CS462+DN567} -> 11 | X91: {=AJ144+BE250+BZ356+CU462+DP567} -> 0 | Y91: 0
Q92: 24 | R92: 25 | T92: CLAUDIA NAVARRETE | U92: X | V92: 3 | W92: {=AH145+BC251+BX357+CS463+DN568} -> 0 | X92: {=AJ145+BE251+BZ357+CU463+DP568} -> 0 | Y92: {=I19/W92}
Q93: 25 | R93: 26 | T93: GONZALO CUÉLLAR | U93: X | V93: 2 | W93: {=AH146+BC252+BX358+CS464+DN569} -> 0 | X93: {=AJ146+BE252+BZ358+CU464+DP569} -> 0 | Y93: 75
Q94: 26 | R94: 27 | T94: ARYA CUELLAR | U94: X | V94: 5 | W94: {=AH147+BC253+BX359+CS465+DN570} -> 4 | X94: {=AJ147+BE253+BZ359+CU465+DP570} -> 0 | Y94: 75
Q95: 27 | R95: 28 | T95: PATRICIO CUELLAR | U95: X | V95: 5 | W95: {=AH148+BC254+BX360+CS466+DN571} -> 4 | X95: {=AJ148+BE254+BZ360+CU466+DP571} -> 0 | Y95: 75
Q96: 28 | R96: 29 | T96: ZULEIKA DE ZENTENO | U96: X | V96: 4 | W96: {=AH149+BC255+BX361+CS467+DN572} -> 5 | X96: {=AJ149+BE255+BZ361+CU467+DP572} -> 0 | Y96: 75
Q97: 29 | R97: 30 | T97: DANIEL ALBERTANO. ZENTENO | U97: X | V97: 0 | W97: {=AH150+BC256+BX362+CS468+DN573} -> 1 | X97: {=AJ150+BE256+BZ362+CU468+DP573} -> 0 | Y97: 75
Q98: 30 | R98: 31 | T98: NICOLE ZENTENO | U98: X | V98: 3 | W98: {=AH151+BC257+BX363+CS469+DN574} -> 3 | X98: {=AJ151+BE257+BZ363+CU469+DP574} -> 0 | Y98: 75
Q99: 31 | R99: 32 | T99: CARLOS ERNESTO | U99: X | V99: 6 | W99: {=AH152+BC258+BX364+CS470+DN575} -> 3 | X99: {=AJ152+BE258+BZ364+CU470+DP575} -> 0 | Y99: 75
Q100: 32 | R100: 33 | T100: MARÍA NAVARRO LARA | U100: X | V100: 2 | W100: {=AH153+BC259+BX365+CS471+DN576} -> 0 | X100: {=AJ153+BE259+BZ365+CU471+DP576} -> 0 | Y100: 75
Q101: 33 | R101: 34 | T101: ANGELINA HERNÁNDEZ GARCIA | U101: X | V101: 16 | W101: {=AH154+BC260+BX366+CS472+DN577} -> 3 | X101: {=AJ154+BE260+BZ366+CU472+DP577} -> 0 | Y101: 75
Q102: 34 | R102: 35 | T102: VERO JUÁREZ | U102: X | V102: 11 | W102: {=AH155+BC261+BX367+CS473+DN578} -> 10 | X102: {=AJ155+BE261+BZ367+CU473+DP578} -> 0 | Y102: 75
Q103: 35 | R103: 36 | S103: osgo | T103: OSVALDO | U103: X | V103: 6 | W103: {=AH156+BC262+BX368+CS474+DN579} -> 7 | X103: {=AJ156+BE262+BZ368+CU474+DP579} -> 0
...

Sheet ABRIL 2026
B2: OCCALISTHENICSMX
B3: NOMBRE | C3: DÍA DE PAGO | D3: MEMBRESIA | E3: COSTO PLAN | F3: TIPO DE PLAN | G3: FINALIZA PLAN | H3: ENERO | I3: FEBRERO | J3: MARZO | K3: ABRIL | L3: SAUNA | M3: OPEN GYM | N3: VISITAS | O3: CLASES | P3: CLASES POR DIA | Q3: NUTRICIÓN
B4: LIRIA VILLEGAS | C4: 19 ENERO | D4: PAGADA | E4: X | F4: SEMESTRE | G4: 19 JULIO | H4: 4500 | I4: 0 | J4: 0 | L4: ✅ | M4: ✅ | N4: ✅ | O4: TODAS | P4: UNA | Q4: ❌
B5: OSVALDO | C5: 22 FEBRERO | D5: PAGADA | E5: $ | F5: OPEN GYM | H5: 0 | I5: 0 | J5: 0 | L5: ❌ | M5: ✅ | N5: ❌ | O5: NINGUNA | P5: NINGUNA | Q5: ❌
B6: IRMA GARCÍA | C6: 23 ENERO | D6: Debe $500 | E6: X | F6: SEMESTRE | G6: 23 JULIO | H6: 3500 | I6: 0 | J6: 0 | L6: ✅ | M6: ✅ | N6: ✅ | O6: TODAS | P6: UNA | Q6: ❌
B7: ALEJANDRA CUELLAR | C7: 06 ABRIL | D7: PAGADA | E7: 450 | F7: PAREJAS | G7: 06 MAYO | H7: 0 | I7: 900 | J7: 0 | L7: ✅ | M7: ✅ | N7: ✅ | O7: ILIMITADAS | P7: TODAS | Q7: INBODY
B8: FELISA HERRADA MARTÍNEZ | C8: 03 ABRIL | D8: PAGADA | E8: 850 | F8: CALISTHENICS | G8: 03 MAYO | H8: 0 | I8: 0 | J8: 850 | K8: 850 | L8: ❌ | M8: ✅ | N8: ❌ | O8: NINGUNA | P8: NINGUNA | Q8: ❌
B9: MIGUEL MEJÍA ROJO | C9: 14 ABRIL | D9: PAGADA | E9: 899 | F9: POWERLIFTING | G9: 14 MAYO | H9: 0 | I9: 1200 | J9: 0 | K9: 899 | L9: ✅ | M9: ✅ | N9: ✅ | O9: ILIMITADAS | P9: ILIMITADAS | Q9: INBODY
B10: XIMENA AÑORVE FLORES | C10: 01 ABRIL | D10: PAGADA | E10: 1200 | F10: ALL CLUB | G10: 01 MAYO | H10: 0 | I10: 0 | J10: 1200 | K10: 1200 | L10: ✅ | M10: ✅ | N10: ✅ | O10: ILIMITADAS | P10: ILIMITADAS | Q10: INBODY
B11: DIEGO MORENO HERNÁNDEZ | C11: 09 ABRIL | D11: PAGADA | E11: 1200 | F11: ALL CLUB | G11: 09 MAYO | H11: 0 | I11: 0 | J11: 1200 | K11: 1200 | L11: ✅ | M11: ✅ | N11: ✅ | O11: ILIMITADAS | P11: ILIMITADAS | Q11: INBODY
B12: CYNTHIA JUÁREZ PEREZ | C12: 23 ABRIL | D12: PAGADA | E12: 995 | F12: PLAN OC | G12: 23 MAYO | H12: 995 | I12: 0 | J12: 995 | K12: 995 | L12: ✅ | M12: ✅ | N12: ✅ | O12: CLASE | P12: UNA | Q12: ❌
B13: IVÁN CAMARENA | C13: 03 ABRIL | D13: PAGADA | E13: 1550 | F13: 12 CLASES | G13: 03 MAYO | H13: 0 | I13: 0 | J13: 1550 | L13: ✅ | M13: ✅ | N13: ✅ | O13: ILIMITADAS | P13: ILIMITADAS | Q13: INBODY
B14: MEJIA VILLALOBOS ARTURO | C14: 30 ABRIL | D14: PAGADA | E14: 1350 | F14: ALL CLUB | G14: 30 MAYO | H14: 0 | I14: 0 | J14: 1350 | L14: ✅ | M14: ✅ | N14: ✅ | O14: ILIMITADAS | P14: ILIMITADAS | Q14: INBODY
B15: MEJÍA DÍAZ OMAR | C15: 30 ABRIL | D15: PAGADA | E15: 1350 | F15: ALL CLUB | G15: 30 MAYO | H15: 0 | I15: 0 | J15: 1350 | L15: ✅ | M15: ✅ | N15: ✅ | O15: ILIMITADAS | P15: ILIMITADAS | Q15: INBODY
B16: ROCIO BRAMBILA | C16: 02 ABRIL | D16: PAGADA | E16: 500 | F16: CALISTHENICS | G16: 02 MAYO | H16: 0 | I16: 0 | J16: 0 | K16: 500 | L16: ✅ | M16: ✅ | N16: ✅ | O16: ILIMITADAS | P16: ILIMITADAS | Q16: INBODY
B17: WILLY SÁNCHEZ | C17: 20 ABRIL | D17: 300 | E17: 600 | F17: OC- GYM BASIC | G17: 20 MAYO | K17: 600 | L17: ❌ | M17: ✅ | N17: ❌ | O17: NINGUNA | P17: NINGUNA | Q17: ❌
B18: JESICA ACEVEDO | D18: 300 | E18: 600 | F18: OC- GYM BASIC | H18: 0 | I18: 0 | J18: 0 | L18: ❌ | M18: ✅ | N18: ❌ | O18: NINGUNA | P18: NINGUNA | Q18: ❌
B19: TAKAO KATAGIRI | C19: 20 ABRIL | D19: 300 | E19: 750 | F19: OC- GYM BASIC | G19: 20 MAYO | K19: 750 | L19: ❌ | M19: ✅ | N19: ❌ | O19: NINGUNA | P19: NINGUNA | Q19: ❌
B21: TOTAL | E21: {=SUM(E4:E19)} -> 12294 | H21: 11930 | I21: {=SUM($I$4:$I$9)} -> 2100 | J21: {=SUM(J4:J15)} -> 8495 | K21: {=SUM(K4:K19)} -> 6994
B22: MENSUAL | H22: 21387.76 | I22: 28167.74 | J22: 32682.78 | K22: {=K21+D23+K29+K41+M44} -> 13733.12
B23: TOTAL NETO | D23: {=D18+D17+D19} -> 900 | E23: {='FEBRERO 2026'!E31+'MARZO 2026'!J37+K22} -> 151817.84
B24: WELLHUB | C24: WELLHUB. WELLHUB. WELLHUB. WELLHUB. WELLHUB. WELLHUB. WELLHUB. WELLHUB
B25: APRIL | D25: POR CHECK IN | E25: 171.82 | H25: 1202.74 | I25: {=E25*W78} -> 171.82 | J25: 1202.74 | K25: {=E25*Y78} -> 0 | P25: WELLHUB
B26: TOÑITO OSNAYA | D26: POR CHECK IN | E26: 171.82 | H26: 1890 | I26: 1890 | J26: 1890.02 | K26: {=E26*Y80} -> 859.1 | O26: TODAS | P26: WELLHUB
B27: URIEL CARDIEL | D27: POR CHECK IN | E27: 171.82 | H27: 1890.02 | I27: {=E27*W92} -> 1030.92 | J27: 1890.02 | K27: {=E27*Y92} -> 1546.38 | P27: WELLHUB
B28: OLIVER OLIVARES | D28: POR CHECK IN | E28: 171.82 | H28: X | I28: X | J28: X | K28: {=E28*Y129} -> 343.64
B29: TOTAL WELLHUB | H29: 4982.76 | I29: 3092.74 | J29: 4982.78 | K29: {=K25+K26+K27+K28} -> 2749.12 | P29: WELLHUB
B30: POR CLASE | C30: POR CLASE | O30: TODAS | P30: $ POR CLASE
B31: VALERIA MENA | C31: 11 MARZO | D31: PAGADA | E31: 75 | F31: SEMANAL | G31: 25 MARZO | H31: 500 | I31: 0 | J31: 500 | O31: UNA | P31: $ POR CLASE
B32: ANGELINA HERNÁNDEZ GARCIA | D32: PAGADA | E32: 75 | F32: POR CLASE | H32: 675 | I32: 1200 | J32: 225 | K32: {=E32*Y109} -> 750 | O32: UNA | P32: $ POR CLASE
B33: VERO JUÁREZ | C33: 21 ENERO | D33: PAGADA | E33: 75 | F33: POR CLASE | H33: 450 | I33: 825 | J33: 750 | K33: {=E33*Y110} -> 525
B34: ARYA CUELLAR | C34: 11 ENERO | D34: PAGADA | E34: 75 | F34: POR CLASE | H34: 375 | I34: 375 | J34: 300 | K34: {=E34*Y102} -> 150
B35: PATRICIO CUELLAR | C35: 11 ENERO | D35: PAGADA | E35: 75 | F35: POR CLASE | H35: 300 | I35: 375 | J35: 300 | K35: {=E35*Y103} -> 150 | O35: UNA | P35: $ POR CLASE
B36: ZULEIKA DE ZENTENO | C36: 14 ENERO | D36: PAGADA | E36: 90 | F36: POR CLASE | H36: 0 | I36: 270 | J36: 1080 | K36: {=E36*Y104} -> 540 | O36: UNA | P36: $ POR CLASE
B37: DANIEL ALBERTANO. ZENTENO | C37: 14 ENERO | D37: PAGADA | E37: 75 | F37: POR CLASE | H37: 0 | I37: 0 | J37: 1080 | K37: {=E37*Y105} -> 150 | O37: UNA | P37: $ POR CLASE
B38: NICOLE ZENTENO | C38: 14 ENERO | D38: PAGADA | E38: 90 | F38: POR CLASE | H38: 0 | I38: 270 | J38: 0 | K38: {=E38*Y106} -> 270 | O38: UNA | P38: $ POR CLASE
B39: CARLOS ERNESTO | C39: 18 MARZO | D39: Debe membresía | E39: 75 | F39: POR CLASE | G39: 18 ABRIL | H39: 300 | I39: 450 | J39: 600 | O39: UNA | P39: $ POR CLASE
B40: YOHAN OROPEZA | C40: 08 ABRIL | D40: X | E40: 175 | F40: POWERLIFTING | G40: 08 ABRIL | H40: 0 | I40: 0 | J40: 0 | K40: 175
B41: TOTAL CLASES | H41: 2975 | I41: 4440 | J41: 6310 | K41: {=SUM(K31:K40)} -> 2710
B42: RECOVERY LAB | C42: RECOVERY. LAB
B43: socio | C43: Folio | D43: PAQUETE | G43: DÍA | H43: TIEMPO | I43: 46023 | J43: 46054 | K43: 46082 | L43: 46113 | M43: OC-CLUB | N43: FISIO | O43: TAVO
B44: MEJIA VILLALOBOS ARTURO | C44: 52 | D44: RECOVERY POST ENTRENAMIENTO | G44: 24 ABRIL | H44: 50 MIN | I44: 0 | J44: 0 | K44: 0 | L44: 1100 | M44: {=900*20%+200} -> 380 | N44: {=720/2} -> 360 | O44: {=720/2} -> 360
B49: INACTIVOS
B50: RODRIGO ALVA | C50: 24 FEBRERO | D50: PAGADA | E50: 995 | F50: PLAN OC | G50: 24 MARZO | H50: 995 | I50: 0 | J50: 0 | L50: ✅ | M50: ✅ | N50: ✅ | O50: TODAS | P50: UNA | Q50: ❌
B51: CRISTINA CRUZ HERNÁNDEZ | C51: 20 FEBRERO | D51: PAGADA | E51: 1200 | F51: ALL CLUB | G51: 20 MARZO | H51: 0 | I51: 1200 | J51: 0 | L51: ✅ | M51: ✅ | N51: ✅ | O51: ILIMITADAS | P51: ILIMITADAS | Q51: INBODY
B52: ALEJANDRA CUELLAR | C52: 15 ENERO | D52: PAGADA | E52: 75 | F52: POR CLASE | H52: 0 | I52: 150 | O52: UNA | P52: $ POR CLASE
B53: ARLETTE ROMÁN | C53: 3 NOVIEMBRE | D53: PAGADA | E53: 945 | F53: PLAN OC | H53: 945 | I53: 0 | J53: 0 | L53: ✅ | M53: ✅ | N53: ✅ | O53: TODAS | P53: UNA | Q53: ❌
B54: MIGUEL MARROQUÍN | C54: 23 FEBRERO | D54: PAGADA | E54: 995 | F54: CALISTHENICS | G54: 23 MARZO | H54: 995 | I54: 995 | J54: 0 | L54: ✅ | M54: ✅ | N54: ✅ | O54: TODAS | P54: UNA | Q54: ❌
B55: EDIT | C55: 18 NOVIEMBRE | D55: Debe $300 | E55: X | F55: 12 CLASES | H55: 0 | I55: 0 | J55: 0 | L55: ❌ | M55: ✅ | N55: ❌ | O55: UNA | P55: UNA | Q55: ❌
B56: CLAUDIA NAVARRETE | C56: 11 FEBRERO | D56: PAGADA | E56: 250 | F56: SEMANAL | G56: 18 FEBRERO | H56: 0 | I56: 250 | J56: 0 | L56: ✅ | M56: ✅ | N56: ✅ | O56: ILIMITADAS | P56: ILIMITADAS | Q56: INBODY
B58: FERNANDA ALVA | C58: 17 FEBRERO | D58: PAGADA | E58: 995 | F58: PLAN OC | G58: 17 MARZO | H58: 0 | I58: 995 | J58: 0 | L58: ✅ | M58: ✅ | N58: ✅ | O58: TODAS | P58: UNA | Q58: ❌
B59: REBECA MELÉNDEZ | C59: 04 FEBRERO | D59: PAGADA | E59: 750 | F59: OPEN GYM | G59: 04 MARZO | H59: 0 | I59: 750 | J59: 0 | L59: ❌ | M59: ✅ | N59: ❌ | O59: NINGUNA | P59: NINGUNA | Q59: ❌
B60: CYNTHIA JUÁREZ PEREZ | C60: 23 FEBRERO | D60: PAGADA | E60: 75 | F60: POR CLASE | H60: 0 | I60: 150 | J60: 675
B61: GUADALUPE | C61: 04 FEBRERO | D61: PAGADA | E61: 995 | F61: PAREJAS | G61: 04 ABRIL | H61: 0 | I61: 1200 | J61: 0 | L61: ✅ | M61: ✅ | N61: ✅ | O61: ILIMITADAS | P61: UNA | Q61: ❌
B62: MARTÍN JUÁREZ | C62: 09 ABRIL | D62: PAGADA | E62: 1200 | F62: POWERLIFTING | G62: 09 MAYO | H62: 0 | I62: 1200 | J62: 0 | L62: ✅ | M62: ✅ | N62: ✅ | O62: ILIMITADAS | P62: ILIMITADAS | Q62: INBODY
B63: LAURA | C63: 09 ABRIL | D63: PAGADA | E63: 995 | F63: PAREJAS | G63: 09 MAYO | H63: 0 | I63: 1200 | J63: 0 | L63: ✅ | M63: ✅ | N63: ✅ | O63: ILIMITADAS | P63: UNA | Q63: ❌
B64: DANIEL VÁZQUEZ CEDILLO | C64: 10 ABRIL | D64: PAGADA | E64: 1350 | F64: ALL CLUB | G64: 10 MAYO | H64: 0 | I64: 0 | J64: 1350 | L64: ✅ | M64: ✅ | N64: ✅ | O64: ILIMITADAS | P64: ILIMITADAS | Q64: INBODY
B65: CARLOS SÁNCHEZ LARA | C65: 09 ABRIL | D65: PAGADA | E65: 1200 | F65: POWERLIFTING | G65: 09 MAYO | H65: 0 | I65: 0 | J65: 600 | L65: ✅ | M65: ✅ | N65: ✅ | O65: ILIMITADAS | P65: ILIMITADAS | Q65: INBODY
B66: SAUL JUAREZ | C66: 09 ABRIL | D66: PAGADA | E66: 600 | F66: POWERLIFTING | G66: 09 MAYO | H66: 0 | I66: 600 | J66: 600 | L66: ✅ | M66: ✅ | N66: ✅ | O66: ILIMITADAS | P66: ILIMITADAS | Q66: INBODY
B67: DEREK ROJAS ROSAS | C67: 23 ABRIL | D67: PAGADA | E67: 1200 | F67: PAREJAS | G67: 23 MAYO | H67: 0 | I67: 1200 | J67: 0 | L67: ✅ | M67: ✅ | N67: ✅ | O67: ILIMITADAS | P67: ILIMITADAS | Q67: INBODY
B68: LUIS ROJAS RANGEL | C68: 23 ABRIL | D68: PAGADA | E68: 1200 | F68: PAREJAS | G68: 23 MAYO | H68: 0 | I68: 1200 | J68: 0 | L68: ✅ | M68: ✅ | N68: ✅ | O68: ILIMITADAS | P68: ILIMITADAS | Q68: INBODY
B69: RODRIGO ALEJO PÉREZ | C69: 18 ABRIL | D69: PAGADA | E69: 1200 | F69: POWERLIFTING | G69: 18 MAYO | H69: 0 | I69: 1200 | J69: 0 | L69: ❌ | M69: ✅ | N69: ❌ | O69: NINGUNA | P69: NINGUNA | Q69: ❌
B70: ZEUS YAEL NEVÁREZ OLIVARES | C70: 18 ABRIL | D70: PAGADA | E70: 1200 | F70: ALL CLUB | G70: 18 MAYO | H70: 0 | I70: 0 | J70: 1200 | L70: ✅ | M70: ✅ | N70: ✅ | O70: ILIMITADAS | P70: ILIMITADAS | Q70: INBODY
B71: ANTONIO DE OLMOS | C71: 16 ABRIL | D71: PAGADA | E71: 995 | F71: PLAN OC | G71: 16 MAYO | H71: 0 | I71: 995 | J71: 995 | L71: ✅ | M71: ✅ | N71: ✅ | O71: ILIMITADAS | P71: ILIMITADAS | Q71: INBODY
B72: JONATHAN PALETA TULA | C72: 16 ABRIL | D72: PAGADA | E72: 1350 | F72: ALL CLUB | G72: 16 MAYO | H72: 0 | I72: 0 | J72: 1350 | L72: ✅ | M72: ✅ | N72: ✅ | O72: ILIMITADAS | P72: ILIMITADAS | Q72: INBODY
B73: LUIS ERNESTO MARTÍNEZ VELAZCO | C73: 18 ABRIL | D73: PAGADA | E73: 1200 | F73: ALL CLUB | G73: 18 MAYO | H73: 0 | I73: 0 | J73: 1200 | L73: ✅ | M73: ✅ | N73: ✅ | O73: ILIMITADAS | P73: ILIMITADAS | Q73: INBODY
D74: 0 | E74: {=E50+E51+E53+E54+E58+E59+E61+E62+E63+E64+E65+E66+E67+E68+E69+E70+E71+E72+E73} -> 20565 | F74: PLAN OC
R76: NÚMERO | S76: #Membresia | T76: USUARIO | U76: X | V76: ENERO | W76: FEBRERO | X76: MARZO | Y76: ABRIL | Z76: VISITAS | AA76: APROVECHAMIENTO x clase | AB76: APROVECHAMIENTO en %
R77: 1 | S77: 00 | T77: - | U77: RODRIGO ALVA | V77: X | W77: 5 | X77: {=AJ139+AT197+BD255+BN313+BX370} -> 4 | Z77: {=AL139+AV197+BF255+BP313} -> 1 | AB77: {=AA77/995} -> 0
R78: 2 | S78: 01 | T78: - | U78: APRIL | V78: X | W78: 1 | X78: 7 | Y78: {=AJ136+AT194+BD252+BN310+BX367} -> 0 | Z78: {=AL136+AV194+BF252+BP310+BZ367} -> 0 | AA78: 171.82
R79: 3 | S79: 03 | T79: GAL03 | U79: ALEJANDRA CUELLAR | V79: X | W79: 15 | X79: 11 | Y79: {=AJ137+AT195+BD253+BN311+BX368} -> 8 | Z79: {=AL137+AV195+BF253+BP311+BZ368} -> 0 | AA79: {=450/X79} -> 40.909091
R80: 4 | S80: 04 | T80: GOA04 | U80: TOÑITO OSNAYA | V80: X | W80: 17 | X80: 17 | Y80: {=AJ138+AT196+BD254+BN312+BX369} -> 5 | Z80: {=AL138+AV196+BF254+BP312+BZ369} -> 0 | AA80: 171.82
R81: 5 | S81: 06 | T81: MV06 | U81: VALERIA MENA | V81: X | W81: 7 | X81: 5 | Y81: {=AJ139+AT197+BD255+BN313+BX370} -> 4 | Z81: {=AL139+AV197+BF255+BP313+BZ370} -> 1
R82: 6 | S82: 07 | T82: VL07 | U82: LIRIA VILLEGAS | V82: X | W82: 17 | X82: 12 | Y82: {=AJ140+AT198+BD256+BN314+BX371} -> 7 | Z82: {=AL140+AV198+BF256+BP314+BZ371} -> 0 | AA82: {=750/Y82} -> 107.14286
R83: 7 | S83: 08 | U83: ARLETTE ROMÁN | V83: X | W83: 0 | X83: 0 | Y83: {=AJ141+AT199+BD257+BN315+BX372} -> 0 | Z83: {=AL141+AV199+BF257+BP315+BZ372} -> 0
R84: 8 | S84: 09 | U84: NORMA EDIT | V84: X | W84: 2 | X84: 0 | Y84: {=AJ142+AT200+BD258+BN316+BX373} -> 0 | Z84: {=AL142+AV200+BF258+BP316+BZ373} -> 0
R85: 9 | S85: 10 | U85: CYNTHIA JUÁREZ PEREZ | V85: X | W85: 15 | X85: 14 | Y85: {=AJ143+AT201+BD259+BN317+BX374} -> 13 | Z85: {=AL143+AV201+BF259+BP317+BZ374} -> 0 | AA85: 75
R86: 10 | S86: 11 | T86: MM11 | U86: MIGUEL MARROQUÍN | V86: X | W86: 9 | X86: 6 | Y86: {=AJ144+AT202+BD260+BN318+BX375} -> 1 | Z86: {=AL144+AV202+BF260+BP318+BZ375} -> 0 | AA86: {=E54/Y86} -> 995
R87: 11 | S87: 12 | T87: MJT12 | U87: MARTÍN JUÁREZ | V87: X | W87: 10 | X87: 15 | Y87: {=AJ145+AT203+BD261+BN319+BX376} -> 6 | Z87: {=AL145+AV203+BF261+BP319+BZ376} -> 0 | AA87: {=600/X87} -> 40
R88: 12 | S88: 13 | T88: LJS13 | U88: SAÚL LÓPEZ JUÁREZ | V88: X | W88: 11 | X88: 10 | Y88: {=AJ146+AT204+BD262+BN320+BX377} -> 2 | Z88: {=AL146+AV204+BF262+BP320+BZ377} -> 0 | AA88: {=E66/X88} -> 60
R89: 13 | S89: 14 | T89: RRL14 | U89: LAURA RUIZ ROSA | V89: X | W89: 3 | X89: 0 | Y89: {=AJ147+AT205+BD263+BN321+BX378} -> 0 | Z89: {=AL147+AV205+BF263+BP321+BZ378} -> 0 | AA89: {=600/X89}
R90: 14 | S90: 15 | T90: RCG15 | U90: GUADALUPE ROSA CISNEROS | V90: X | W90: 6 | X90: 0 | Y90: {=AJ148+AT206+BD264+BN322+BX379} -> 0 | Z90: {=AL148+AV206+BF264+BP322+BZ379} -> 0 | AA90: {=600/X90}
R91: 15 | S91: 16 | T91: GI16 | U91: IRMA GARCÍA | V91: X | W91: 13 | X91: 9 | Y91: {=AJ149+AT207+BD265+BN323+BX380} -> 1 | Z91: {=AL149+AV207+BF265+BP323+BZ380} -> 0 | AA91: {=583/X91} -> 64.777778
R92: 16 | S92: 17 | T92: UCA17 | U92: URIEL CARDIEL | V92: X | W92: 6 | X92: 13 | Y92: {=AJ150+AT208+BD266+BN324+BX381} -> 9 | Z92: {=AL150+AV208+BF266+BP324+BZ381} -> 0 | AA92: 171.82
R93: 17 | S93: 18 | T93: AF18 | U93: FERNANDA ALVA | V93: X | W93: 2 | X93: 0 | Y93: {=AJ152+AT210+BD268+BN326+BX383} -> 0 | Z93: {=AL152+AV210+BF268+BP326+BZ383} -> 0 | AA93: {=I58/X93}
R94: 18 | S94: 19 | T94: MR19 | U94: REBECA MELÉNDEZ | V94: X | W94: 2 | X94: 0 | Y94: {=AJ153+AT211+BD269+BN327+BX384} -> 0 | Z94: {=AL153+AV211+BF269+BP327+BZ384} -> 0 | AA94: {=E59/X94}
R95: 19 | S95: 20 | T95: MMR20 | U95: MIGUEL MEJÍA ROJO | V95: X | W95: 8 | X95: 12 | Y95: {=AJ154+AT212+BD270+BN328+BX385} -> 13 | Z95: {=AL154+AV212+BF270+BP328+BZ385} -> 0 | AA95: {=E9/Y95} -> 69.153846
R96: 20 | S96: 21 | T96: ODA21 | U96: ANTONIO DE OLMOS | V96: X | W96: 8 | X96: 16 | Y96: {=AJ155+AT213+BD271+BN329+BX386} -> 4 | Z96: {=AL155+AV213+BF271+BP329+BZ386} -> 2 | AA96: {=I71/X96} -> 62.1875
R97: 21 | S97: 22 | T97: RAP22 | U97: RODRIGO ALEJO PÉREZ | V97: X | W97: 8 | X97: 17 | Y97: {=AJ156+AT214+BD272+BN330+BX387} -> 9 | Z97: {=AL156+AV214+BF272+BP330+BZ387} -> 0 | AA97: {=600/X97} -> 35.294118
R98: 22 | S98: 23 | T98: CHC23 | U98: CRISTINA CRUZ HERNÁNDEZ | V98: X | W98: 3 | X98: 0 | Y98: {=AJ157+AT215+BD273+BN331+BX388} -> 1 | Z98: {=AL157+AV215+BF273+BP331+BZ388} -> 0 | AA98: {=I51/X98}
R99: 23 | S99: 24 | T99: TGE24 | U99: ELENA | V99: X | W99: 14 | X99: 11 | Y99: {=AJ158+AT216+BD274+BN332+BX389} -> 11 | Z99: {=AL158+AV216+BF274+BP332+BZ389} -> 0 | AA99: 0
R100: 24 | S100: 25 | U100: CLAUDIA NAVARRETE | V100: X | W100: 3 | X100: 0 | Y100: {=AJ159+AT217+BD275+BN333+BX390} -> 0 | Z100: {=AL159+AV217+BF275+BP333+BZ390} -> 0 | AA100: {=I56/X100}
R101: 25 | S101: 26 | U101: GONZALO CUÉLLAR | V101: X | W101: 2 | X101: 0 | Y101: {=AJ160+AT218+BD276+BN334+BX391} -> 0 | Z101: {=AL160+AV218+BF276+BP334+BZ391} -> 0 | AA101: 75
R102: 26 | S102: 27 | U102: ARYA CUELLAR | V102: X | W102: 5 | X102: 4 | Y102: {=AJ161+AT219+BD277+BN335+BX392} -> 2 | Z102: {=AL161+AV219+BF277+BP335+BZ392} -> 0 | AA102: 75
R103: 27 | S103: 28 | U103: PATRICIO CUELLAR | V103: X | W103: 5 | X103: 4 | Y103: {=AJ162+AT220+BD278+BN336+BX393} -> 2 | Z103: {=AL162+AV220+BF278+BP336+BZ393} -> 0 | AA103: 75
R104: 28 | S104: 29 | U104: ZULEIKA DE ZENTENO | V104: X | W104: 4 | X104: 5 | Y104: {=AJ163+AT221+BD279+BN337+BX394} -> 6 | Z104: {=AL163+AV221+BF279+BP337+BZ394} -> 0 | AA104: 75
R105: 29 | S105: 30 | U105: DANIEL ALBERTANO. ZENTENO | V105: X | W105: 0 | X105: 1 | Y105: {=AJ164+AT222+BD280+BN338+BX395} -> 2 | Z105: {=AL164+AV222+BF280+BP338+BZ395} -> 0 | AA105: 75
R106: 30 | S106: 31 | U106: NICOLE ZENTENO | V106: X | W106: 3 | X106: 3 | Y106: {=AJ165+AT223+BD281+BN339+BX396} -> 3 | Z106: {=AL165+AV223+BF281+BP339+BZ396} -> 0 | AA106: 75
R107: 31 | S107: 32 | U107: CARLOS ERNESTO | V107: X | W107: 6 | X107: 3 | Y107: {=AJ166+AT224+BD282+BN340+BX397} -> 3 | Z107: {=AL166+AV224+BF282+BP340+BZ397} -> 0 | AA107: 75
R108: 32 | S108: 33 | U108: MARÍA NAVARRO LARA | V108: X | W108: 2 | X108: 0 | Y108: {=AJ167+AT225+BD283+BN341+BX398} -> 0 | Z108: {=AL167+AV225+BF283+BP341+BZ398} -> 0 | AA108: 75
...
